product,exporter,importer,mode,penalty,weight_kg,value_usd,risk_score
Elektronik-Bileşen,TR,NL,Hava,0,0.15,7892.12,0.26
Telefon,TR,DE,Deniz,1,0.33,5517.53,0.45
Kablo,DE,TR,Deniz,0,0.07,2260.1,0.31
Elektronik-Bileşen,TR,DE,Deniz,1,0.12,296.45,0.38
Şarj Cihazı,TR,NL,Hava,1,0.05,1785.93,0.23
Kulaklık,NL,DE,Deniz,1,0.14,3651.49,0.37
Elektronik-Aksesuar,NL,DE,Kara,0,0.24,4617.61,0.37
Bilgisayar,TR,DE,Kara,1,1.94,1500.38,0.5
Elektronik-Bileşen,TR,NL,Deniz,1,0.21,2916.94,0.36
Tablet,DE,NL,Deniz,0,0.47,5985.9,0.39
Kulaklık,NL,TR,Demir,1,-0.02,707.17,0.31
Elektronik-Bileşen,NL,DE,Kara,0,0.09,1486.33,0.4
Kablo,TR,DE,Deniz,0,0.06,3054.2,0.28
Telefon,DE,TR,Hava,1,0.3,1525.18,0.33
Elektronik-Bileşen,DE,NL,Demir,1,0.16,4880.09,0.3
Tablet,TR,NL,Kara,0,0.62,3649.02,0.45
Telefon,NL,DE,Deniz,0,0.25,1668.22,0.42
Kablo,NL,TR,Hava,0,-0.11,3801.39,0.19
Elektronik-Aksesuar,DE,NL,Kara,0,0.3,4450.47,0.37
Şarj Cihazı,TR,NL,Deniz,1,0.08,764.8,0.33
Telefon,TR,NL,Demir,1,0.31,275.23,0.33
Bilgisayar,TR,DE,Kara,1,1.92,4225.45,0.5
Telefon,NL,DE,Demir,1,0.39,2790.35,0.32
Kulaklık,TR,NL,Hava,1,0.17,4255.45,0.28
Telefon,NL,DE,Demir,0,0.27,1390.4,0.32
Kablo,DE,NL,Hava,0,0.05,1588.56,0.15
Elektronik-Aksesuar,NL,DE,Deniz,0,0.11,886.97,0.32
Elektronik,TR,DE,Hava,0,0.41,8177.4,0.27
Kamera,NL,TR,Demir,1,0.91,5487.11,0.44
Kamera,NL,DE,Kara,1,0.81,23586.09,0.5
Şarj Cihazı,TR,DE,Kara,1,0.24,5831.12,0.35
Tablet,TR,NL,Demir,0,0.68,636.11,0.35
Elektronik-Aksesuar,DE,TR,Kara,1,0.19,8155.86,0.48
Şarj Cihazı,TR,DE,Kara,0,0.0,1140.1,0.35
Şarj Cihazı,NL,TR,Hava,0,0.1,1393.58,0.21
Tablet,TR,DE,Kara,1,0.59,3722.59,0.47
Kulaklık,TR,DE,Kara,0,0.12,1455.51,0.4
Bilgisayar,TR,DE,Hava,0,1.94,1191.19,0.35
Kablo,TR,DE,Demir,0,0.15,2339.26,0.23
Elektronik-Bileşen,NL,TR,Hava,0,0.15,2703.1,0.29
Kulaklık,NL,TR,Kara,1,0.27,6050.27,0.41
Şarj Cihazı,NL,DE,Hava,0,0.09,290.21,0.17
Şarj Cihazı,NL,TR,Kara,0,0.0,4412.76,0.36
Kamera,NL,DE,Demir,1,0.89,5237.42,0.4
Şarj Cihazı,DE,TR,Hava,0,-0.03,4128.04,0.23
Telefon,TR,NL,Deniz,0,0.29,4804.61,0.38
Kablo,NL,TR,Hava,0,-0.09,1940.38,0.19
Elektronik,TR,DE,Hava,0,0.32,1575.04,0.22
Elektronik-Bileşen,TR,NL,Deniz,0,0.09,4211.23,0.36
Şarj Cihazı,TR,NL,Demir,0,0.08,1248.77,0.23
Telefon,NL,TR,Demir,1,0.17,396.82,0.36
Telefon,DE,NL,Hava,0,0.32,894.47,0.27
Elektronik-Bileşen,TR,NL,Kara,1,-0.0,615.31,0.41
Kamera,DE,NL,Deniz,0,0.66,786.31,0.45
Elektronik-Bileşen,TR,NL,Kara,0,0.03,2441.86,0.41
Elektronik-Bileşen,TR,DE,Hava,0,0.23,5395.78,0.28
Şarj Cihazı,DE,TR,Demir,0,-0.06,14846.48,0.33
Elektronik-Aksesuar,DE,NL,Hava,0,0.16,3643.91,0.22
Elektronik-Bileşen,DE,TR,Deniz,0,0.11,683.64,0.46
Şarj Cihazı,TR,DE,Hava,0,0.22,1726.64,0.2
Elektronik-Aksesuar,DE,NL,Demir,0,0.19,1235.16,0.27
Telefon,DE,TR,Hava,0,0.35,4773.93,0.33
Kamera,TR,NL,Kara,1,0.65,1425.16,0.51
Kulaklık,DE,NL,Demir,0,0.24,10472.64,0.27
Elektronik-Aksesuar,TR,NL,Hava,0,0.08,2525.36,0.23
Elektronik,NL,TR,Kara,1,0.54,4358.16,0.38
Elektronik,TR,NL,Hava,1,0.45,6014.73,0.25
Elektronik,NL,TR,Hava,0,0.46,2289.09,0.23
Elektronik-Bileşen,NL,TR,Hava,0,0.14,4988.59,0.34
Kamera,TR,DE,Deniz,0,0.92,3417.18,0.48
Kablo,TR,NL,Kara,0,0.26,285.17,0.36
Bilgisayar,TR,NL,Hava,0,1.89,3628.18,0.33
Bilgisayar,DE,TR,Kara,1,2.03,1077.58,0.58
Kulaklık,DE,TR,Deniz,0,0.09,7237.93,0.38
Kulaklık,NL,TR,Deniz,1,0.3,8584.56,0.36
Şarj Cihazı,TR,NL,Hava,0,0.02,1147.1,0.18
Tablet,TR,DE,Kara,0,0.54,2945.31,0.47
Bilgisayar,TR,NL,Kara,0,2.16,1294.21,0.48
Kablo,NL,TR,Kara,1,0.02,52008.13,0.34
Elektronik-Bileşen,TR,NL,Deniz,1,0.13,1763.45,0.36
Elektronik-Bileşen,NL,TR,Kara,0,-0.08,1284.85,0.44
Bilgisayar,NL,TR,Kara,0,2.18,3010.17,0.51
Telefon,NL,DE,Demir,0,0.31,2133.25,0.37
Bilgisayar,TR,DE,Demir,1,1.95,2533.15,0.4
Bilgisayar,TR,DE,Kara,1,2.03,1665.61,0.5
Elektronik-Aksesuar,NL,DE,Hava,0,-0.03,1413.23,0.22
Kulaklık,NL,DE,Deniz,0,0.2,737.04,0.32
Elektronik-Bileşen,TR,DE,Deniz,0,0.23,4341.75,0.38
Tablet,NL,TR,Demir,0,0.67,1344.73,0.43
Elektronik-Aksesuar,TR,NL,Kara,0,0.2,2964.16,0.38
Elektronik,DE,TR,Hava,1,0.48,2671.37,0.25
Elektronik-Bileşen,DE,NL,Hava,0,0.25,5241.91,0.25
Telefon,TR,DE,Demir,0,0.29,5331.99,0.35
Elektronik,TR,NL,Demir,0,0.38,9841.02,0.3
Telefon,DE,TR,Deniz,0,0.33,13112.76,0.48
Kamera,TR,NL,Hava,0,0.74,1341.6,0.36
Telefon,DE,NL,Kara,0,0.37,8794.03,0.42
Telefon,TR,DE,Hava,1,0.18,2427.83,0.3
Kamera,DE,NL,Deniz,1,0.63,7777.91,0.45
Bilgisayar,DE,NL,Kara,0,2.02,1237.43,0.47
Elektronik,TR,NL,Hava,0,0.65,2745.25,0.2
Kablo,DE,TR,Deniz,0,-0.02,1049.35,0.31
Kablo,DE,NL,Kara,0,0.12,652.32,0.3
Kamera,NL,TR,Demir,1,0.82,15561.72,0.44
Kablo,TR,NL,Deniz,0,-0.01,25448.9,0.26
Kamera,TR,DE,Kara,0,0.7,3988.7,0.53
Kamera,TR,NL,Kara,0,0.96,7180.78,0.51
Elektronik-Bileşen,NL,DE,Kara,1,-0.1,14277.98,0.45
Kamera,DE,NL,Kara,1,0.9,3831.08,0.55
Şarj Cihazı,TR,DE,Demir,0,0.07,380.12,0.3
Kamera,NL,TR,Kara,0,0.84,509.58,0.54
Kamera,NL,TR,Kara,1,0.84,784.69,0.59
Bilgisayar,TR,NL,Kara,0,2.0,5877.3,0.48
Kulaklık,DE,NL,Hava,0,0.15,5712.91,0.22
Şarj Cihazı,DE,TR,Deniz,1,0.09,713.32,0.38
Bilgisayar,NL,DE,Deniz,0,1.88,629.45,0.47
Telefon,NL,DE,Hava,0,0.39,1080.1,0.32
Telefon,TR,DE,Deniz,0,0.38,2152.05,0.4
Telefon,DE,TR,Demir,0,0.27,2281.54,0.43
Kamera,NL,TR,Demir,1,0.8,5291.16,0.49
Kulaklık,DE,TR,Hava,1,0.04,2461.76,0.33
Elektronik,TR,NL,Hava,0,0.62,2511.18,0.2
Elektronik-Aksesuar,NL,DE,Deniz,0,0.22,4992.71,0.32
Şarj Cihazı,TR,DE,Demir,0,0.36,1076.16,0.25
Elektronik-Aksesuar,DE,NL,Demir,0,0.1,1660.43,0.27
Kablo,NL,DE,Demir,0,-0.09,3643.03,0.2
Elektronik-Aksesuar,NL,DE,Demir,0,0.16,1582.37,0.32
Bilgisayar,TR,NL,Demir,1,2.08,2322.44,0.38
Telefon,DE,NL,Deniz,0,0.38,3540.16,0.37
Bilgisayar,TR,NL,Kara,0,2.09,937.7,0.48
Tablet,NL,TR,Hava,0,0.66,889.26,0.33
Elektronik-Aksesuar,TR,NL,Hava,1,0.26,381.32,0.28
Telefon,TR,NL,Demir,0,0.13,6952.69,0.38
Tablet,NL,DE,Demir,1,0.54,4295.92,0.34
Elektronik,TR,NL,Demir,1,0.74,1097.46,0.25
Kablo,NL,TR,Demir,0,0.09,1097.93,0.24
Kulaklık,TR,NL,Kara,1,0.22,2859.29,0.38
Kamera,DE,TR,Demir,0,0.74,3617.36,0.51
Telefon,DE,NL,Demir,1,0.33,16003.63,0.32
Elektronik,DE,NL,Demir,0,0.45,13523.57,0.24
Elektronik-Aksesuar,DE,TR,Deniz,1,0.31,864.05,0.38
Kamera,NL,TR,Deniz,1,0.88,220.09,0.49
Kamera,TR,NL,Hava,1,0.61,934.84,0.36
Elektronik,DE,NL,Kara,1,0.55,6991.83,0.34
Telefon,DE,NL,Kara,0,0.4,4129.63,0.42
Kamera,DE,NL,Kara,1,0.85,2804.08,0.5
Elektronik-Bileşen,DE,TR,Deniz,1,0.02,223.33,0.41
Tablet,TR,DE,Deniz,1,0.56,1155.77,0.42
Elektronik,TR,DE,Deniz,0,0.63,14831.19,0.37
Kablo,TR,DE,Hava,0,-0.13,8966.18,0.23
Kulaklık,NL,TR,Hava,0,0.22,28246.98,0.31
Kulaklık,NL,DE,Kara,1,0.11,2464.59,0.37
Elektronik-Aksesuar,NL,TR,Hava,0,0.32,3934.72,0.26
Bilgisayar,TR,DE,Kara,1,1.94,1223.88,0.55
Kablo,NL,DE,Demir,1,0.06,5999.08,0.2
Telefon,TR,DE,Deniz,0,0.22,3889.15,0.4
Bilgisayar,NL,TR,Deniz,1,2.09,197.24,0.46
Tablet,NL,DE,Kara,0,0.68,1932.71,0.49
Elektronik-Bileşen,NL,DE,Deniz,1,0.15,435.03,0.4
Kamera,DE,TR,Demir,1,0.91,317.43,0.46
Tablet,NL,DE,Hava,1,0.64,2037.3,0.29
Kamera,TR,NL,Demir,1,1.06,2131.09,0.41
Kulaklık,DE,NL,Kara,0,0.16,240.1,0.37
Telefon,TR,NL,Demir,1,0.23,2234.11,0.33
Telefon,DE,NL,Kara,0,0.09,580.87,0.42
Elektronik,DE,NL,Hava,0,0.44,1609.45,0.19
Kulaklık,TR,NL,Kara,1,0.09,11584.7,0.38
Tablet,DE,NL,Deniz,0,0.57,5594.04,0.39
Şarj Cihazı,TR,DE,Hava,0,0.11,1763.09,0.2
Kamera,DE,TR,Demir,0,0.89,3746.47,0.46
Kulaklık,DE,TR,Deniz,0,0.16,6402.86,0.38
Bilgisayar,TR,NL,Hava,1,1.94,1553.16,0.33
Bilgisayar,NL,DE,Demir,1,1.83,11729.44,0.42
Şarj Cihazı,NL,DE,Demir,0,0.2,1209.22,0.22
Şarj Cihazı,DE,NL,Demir,0,-0.03,11613.97,0.22
Bilgisayar,DE,NL,Hava,0,2.1,1947.33,0.32
Elektronik-Bileşen,NL,TR,Kara,0,0.19,5780.79,0.44
Elektronik-Bileşen,NL,TR,Hava,1,-0.03,2221.61,0.29
Telefon,NL,DE,Kara,0,0.43,2280.07,0.42
Kablo,NL,DE,Deniz,0,0.15,3222.03,0.25
Telefon,DE,TR,Kara,1,0.21,808.79,0.48
Elektronik-Aksesuar,DE,TR,Hava,0,0.1,3345.82,0.33
Bilgisayar,TR,DE,Kara,1,1.94,2061.65,0.5
Elektronik-Aksesuar,NL,DE,Deniz,0,0.21,1607.81,0.37
Elektronik,NL,DE,Demir,0,0.52,3094.8,0.24
Kulaklık,DE,NL,Hava,0,0.25,2416.33,0.22
Elektronik,DE,NL,Deniz,0,0.38,2322.49,0.29
Elektronik-Bileşen,DE,NL,Deniz,1,-0.07,5389.96,0.35
Kablo,NL,TR,Hava,0,-0.05,338.53,0.24
Elektronik-Aksesuar,NL,DE,Deniz,0,0.3,1108.44,0.37
Telefon,TR,NL,Hava,1,0.17,1601.87,0.28
Şarj Cihazı,DE,NL,Demir,0,0.18,5091.99,0.22
Bilgisayar,NL,DE,Kara,0,2.14,5618.46,0.47
Kablo,NL,TR,Deniz,0,0.09,2472.19,0.29
Telefon,NL,TR,Kara,0,0.23,1399.27,0.46
Elektronik-Bileşen,TR,DE,Hava,1,0.21,1853.36,0.28
Şarj Cihazı,TR,DE,Deniz,0,0.23,7350.89,0.3
Kamera,DE,NL,Kara,1,0.82,1244.42,0.5
Elektronik,TR,NL,Kara,0,0.63,2760.0,0.35
Kulaklık,TR,DE,Kara,0,0.29,2665.65,0.4
Kablo,NL,TR,Demir,0,0.08,1969.01,0.29
Elektronik-Bileşen,NL,TR,Hava,0,0.05,8221.58,0.34
Bilgisayar,TR,DE,Deniz,0,1.93,438.75,0.45
Elektronik-Aksesuar,DE,NL,Demir,0,0.01,1488.36,0.27
Elektronik-Bileşen,DE,NL,Demir,1,0.1,2538.64,0.3
Bilgisayar,NL,DE,Demir,0,2.06,433.83,0.37
Elektronik-Bileşen,NL,TR,Demir,0,0.33,1034.09,0.34
Tablet,NL,DE,Deniz,0,0.71,1441.71,0.39
Elektronik-Bileşen,TR,DE,Kara,0,0.04,1181.07,0.43
Kablo,TR,DE,Demir,1,0.1,3338.78,0.28
Şarj Cihazı,NL,DE,Kara,0,0.06,621.17,0.32
Elektronik-Aksesuar,NL,DE,Demir,0,0.19,5169.75,0.27
Elektronik-Bileşen,DE,NL,Demir,0,-0.12,834.47,0.3
Tablet,DE,TR,Hava,1,0.65,5935.94,0.4
Tablet,DE,NL,Kara,0,0.58,2224.53,0.44
Kamera,NL,TR,Demir,1,0.75,2512.31,0.44
Elektronik-Bileşen,DE,NL,Kara,1,0.19,2081.96,0.4
Elektronik-Bileşen,DE,TR,Demir,1,-0.06,3189.82,0.36
Kamera,TR,DE,Kara,1,0.74,1250.16,0.53
Kablo,DE,NL,Deniz,0,-0.04,3639.27,0.25
Telefon,DE,TR,Kara,0,0.26,872.72,0.48
Kulaklık,NL,DE,Deniz,1,0.2,7212.87,0.32
Elektronik,NL,TR,Hava,1,0.57,302.66,0.23
Bilgisayar,NL,TR,Demir,1,2.15,2486.92,0.41
Elektronik-Bileşen,TR,DE,Demir,1,0.22,1585.76,0.33
Elektronik-Bileşen,NL,TR,Demir,0,0.06,2438.8,0.39
Bilgisayar,NL,DE,Demir,1,1.98,12733.3,0.42
Kulaklık,DE,TR,Demir,0,0.24,1187.21,0.33
Şarj Cihazı,TR,NL,Hava,1,0.21,1271.82,0.18
Kablo,NL,TR,Deniz,0,-0.09,222.82,0.34
Bilgisayar,DE,NL,Kara,0,2.08,1224.72,0.47
Elektronik,DE,NL,Demir,0,0.57,1818.91,0.24
Elektronik-Aksesuar,DE,NL,Kara,0,0.29,1633.7,0.37
Tablet,NL,DE,Demir,1,0.47,8509.47,0.34
Tablet,TR,DE,Demir,0,0.63,1595.77,0.42
Telefon,DE,TR,Kara,1,0.26,2055.92,0.48
Kulaklık,NL,DE,Demir,1,0.32,3283.2,0.32
Elektronik-Aksesuar,DE,TR,Hava,1,0.06,3682.46,0.28
Şarj Cihazı,NL,DE,Deniz,1,0.11,1016.5,0.27
Kulaklık,TR,NL,Deniz,0,0.4,1366.64,0.33
Elektronik-Aksesuar,DE,TR,Deniz,0,0.3,672.86,0.38
Kulaklık,DE,NL,Demir,0,0.29,4680.61,0.27
Elektronik-Bileşen,DE,NL,Kara,1,0.1,630.68,0.4
Kulaklık,NL,TR,Deniz,1,0.21,920.3,0.36
Telefon,NL,DE,Hava,0,0.28,966.12,0.27
Elektronik-Bileşen,DE,TR,Deniz,0,0.19,3490.13,0.41
Kulaklık,TR,NL,Deniz,1,0.34,5063.45,0.38
Elektronik,DE,TR,Kara,0,0.35,4751.89,0.4
Tablet,DE,NL,Hava,0,0.54,5968.08,0.34
Telefon,NL,DE,Hava,0,0.52,6486.05,0.32
Elektronik-Aksesuar,TR,DE,Demir,0,0.37,2448.13,0.3
Kablo,NL,TR,Demir,0,0.02,17480.25,0.29
Kablo,TR,DE,Demir,1,-0.05,1183.07,0.23
Bilgisayar,DE,NL,Deniz,0,1.87,6658.27,0.42
Kulaklık,DE,TR,Deniz,0,0.26,722.25,0.38
Kulaklık,DE,NL,Demir,1,0.31,1798.01,0.27
Bilgisayar,DE,NL,Hava,0,1.88,464.42,0.37
Kamera,DE,TR,Hava,0,1.06,3033.25,0.41
Kamera,NL,DE,Kara,0,0.64,1132.75,0.55
Bilgisayar,TR,NL,Kara,1,1.93,204.46,0.48
Elektronik,NL,TR,Demir,0,0.55,2606.71,0.28
Bilgisayar,TR,NL,Hava,0,1.74,2932.88,0.33
Telefon,NL,DE,Hava,0,0.28,5811.37,0.27
Elektronik-Bileşen,NL,TR,Kara,0,0.13,983.93,0.44
Kulaklık,TR,NL,Hava,0,0.07,6412.45,0.23
Elektronik-Bileşen,DE,NL,Demir,0,0.02,939.19,0.3
Elektronik-Aksesuar,TR,DE,Kara,1,-0.01,2589.82,0.45
Şarj Cihazı,NL,DE,Hava,0,0.25,4700.35,0.17
Bilgisayar,DE,NL,Kara,1,2.08,6820.38,0.47
Elektronik-Bileşen,DE,TR,Hava,0,0.21,1709.51,0.31
Telefon,NL,DE,Kara,1,0.29,1935.17,0.42
Elektronik-Bileşen,DE,TR,Kara,0,0.09,713.52,0.46
Şarj Cihazı,TR,NL,Kara,1,0.27,4346.18,0.33
Bilgisayar,NL,DE,Kara,0,2.09,2840.28,0.47
Elektronik-Bileşen,NL,TR,Demir,0,0.01,3006.59,0.34
Elektronik,NL,DE,Hava,0,0.53,1047.81,0.19
Elektronik-Bileşen,NL,DE,Kara,0,0.19,3297.28,0.4
Kamera,TR,DE,Deniz,1,0.87,1197.84,0.53
Elektronik,DE,NL,Deniz,0,0.56,2312.78,0.29
Elektronik-Bileşen,TR,DE,Demir,0,0.0,1293.57,0.33
Kulaklık,DE,NL,Hava,0,0.17,1208.93,0.22
Kamera,NL,TR,Demir,0,0.92,588.49,0.49
Kablo,DE,NL,Deniz,0,0.13,1357.97,0.25
Tablet,TR,NL,Demir,1,0.47,388.16,0.35
Telefon,DE,TR,Kara,1,0.41,18983.0,0.48
Şarj Cihazı,NL,DE,Deniz,1,0.26,5513.68,0.27
Kamera,DE,TR,Deniz,0,0.86,2129.35,0.56
Kulaklık,TR,DE,Deniz,0,0.08,433.71,0.35
Elektronik,DE,TR,Hava,0,0.26,1178.58,0.25
Kablo,TR,DE,Hava,0,0.13,2660.75,0.18
Kablo,TR,DE,Kara,0,0.04,490.61,0.33
Elektronik-Aksesuar,NL,TR,Kara,1,0.11,750.62,0.41
Elektronik-Aksesuar,TR,NL,Hava,0,0.12,2365.27,0.28
Elektronik-Bileşen,NL,TR,Hava,0,0.11,7476.89,0.29
Elektronik,DE,TR,Kara,0,0.68,2508.53,0.4
Elektronik,TR,NL,Deniz,0,0.49,4453.2,0.3
Elektronik-Aksesuar,NL,DE,Deniz,0,0.21,1307.36,0.32
Elektronik-Bileşen,DE,NL,Kara,1,0.35,3035.79,0.45
Şarj Cihazı,NL,TR,Demir,1,0.21,1486.63,0.31
Şarj Cihazı,TR,DE,Kara,0,0.01,697.06,0.35
Kulaklık,NL,TR,Deniz,0,0.13,2654.91,0.36
Kulaklık,DE,NL,Deniz,1,0.16,1117.79,0.32
Kulaklık,NL,DE,Deniz,0,0.32,10183.93,0.37
Elektronik-Bileşen,DE,TR,Deniz,1,0.09,26499.46,0.46
Elektronik-Aksesuar,DE,NL,Demir,1,0.14,13381.98,0.27
Kablo,NL,DE,Demir,0,0.15,1194.3,0.2
Şarj Cihazı,NL,DE,Deniz,0,0.06,1638.59,0.27
Elektronik-Bileşen,NL,TR,Demir,0,-0.07,573.66,0.34
Kulaklık,TR,NL,Kara,1,0.12,2076.89,0.38
Kulaklık,DE,NL,Deniz,1,0.26,423.5,0.32
Tablet,DE,NL,Kara,0,0.72,599.16,0.44
Tablet,TR,NL,Deniz,1,0.6,2249.74,0.4
Elektronik-Bileşen,TR,DE,Demir,1,0.0,3769.07,0.33
Elektronik-Bileşen,NL,DE,Hava,1,0.03,6913.72,0.3
Şarj Cihazı,TR,NL,Deniz,0,0.01,1514.73,0.33
Kamera,DE,NL,Deniz,1,0.81,4381.95,0.45
Bilgisayar,NL,DE,Kara,0,2.08,1011.16,0.47
Elektronik-Bileşen,NL,TR,Hava,0,0.07,1335.88,0.29
Kulaklık,TR,DE,Kara,1,0.21,401.15,0.4
Şarj Cihazı,DE,TR,Kara,0,0.14,24298.5,0.38
Kablo,TR,NL,Deniz,0,-0.15,6792.05,0.26
Kablo,NL,DE,Deniz,0,0.01,6447.66,0.3
Elektronik-Aksesuar,DE,NL,Kara,0,0.16,1280.58,0.37
Tablet,TR,DE,Hava,0,0.56,1166.07,0.32
Kablo,NL,DE,Deniz,0,-0.02,27844.28,0.25
Elektronik-Aksesuar,NL,TR,Deniz,0,0.34,3508.63,0.36
Şarj Cihazı,TR,NL,Demir,0,0.06,744.61,0.23
Kulaklık,DE,TR,Kara,0,0.19,1875.03,0.43
Bilgisayar,NL,DE,Deniz,0,2.01,278.58,0.47
Elektronik,TR,DE,Deniz,1,0.33,7055.81,0.32
Elektronik-Bileşen,DE,NL,Demir,0,0.09,457.09,0.3
Kulaklık,NL,DE,Demir,1,0.14,1484.3,0.27
Bilgisayar,TR,DE,Kara,0,1.93,955.16,0.55
Kamera,TR,NL,Demir,1,0.54,5112.74,0.46
Şarj Cihazı,NL,DE,Deniz,0,0.05,622.74,0.27
Telefon,DE,TR,Deniz,1,0.34,1814.12,0.48
Telefon,DE,TR,Hava,0,0.25,2971.95,0.33
Bilgisayar,DE,NL,Deniz,0,2.04,5892.02,0.42
Elektronik,DE,NL,Hava,0,0.4,1947.36,0.19
Elektronik-Aksesuar,DE,TR,Kara,0,0.13,1270.23,0.48
Elektronik-Bileşen,DE,TR,Demir,0,0.21,3422.7,0.36
Elektronik,DE,TR,Kara,0,0.53,967.28,0.4
Kablo,DE,NL,Demir,0,0.12,1233.07,0.2
Bilgisayar,TR,NL,Deniz,1,2.0,7457.34,0.48
Tablet,TR,NL,Kara,0,0.54,2376.93,0.45
Elektronik-Bileşen,DE,TR,Hava,0,0.1,2602.92,0.31
Kamera,NL,DE,Deniz,1,0.76,2415.96,0.45
Kamera,DE,NL,Hava,1,0.56,2418.58,0.35
Tablet,TR,DE,Deniz,1,0.5,3435.17,0.42
Şarj Cihazı,NL,TR,Kara,1,0.02,1737.91,0.41
Tablet,NL,TR,Hava,0,0.51,832.73,0.38
Elektronik-Bileşen,TR,NL,Hava,0,0.04,5079.71,0.26
Elektronik-Aksesuar,NL,TR,Deniz,1,0.2,4603.83,0.36
Elektronik-Aksesuar,NL,DE,Demir,1,0.22,809.87,0.32
Kablo,NL,DE,Kara,0,0.26,666.45,0.3
Tablet,TR,NL,Deniz,1,0.6,15493.17,0.4
Kulaklık,DE,NL,Kara,0,0.23,2620.36,0.37
Kablo,TR,NL,Deniz,1,-0.07,3680.15,0.26
Bilgisayar,DE,NL,Deniz,0,2.11,903.05,0.42
Elektronik,DE,NL,Deniz,0,0.49,1843.23,0.29
Elektronik-Bileşen,NL,DE,Demir,0,0.22,2051.74,0.3
Kablo,NL,TR,Demir,0,-0.14,2172.43,0.24
Kablo,NL,TR,Kara,1,0.15,2465.62,0.34
Kablo,DE,TR,Deniz,1,0.03,858.04,0.31
Kulaklık,TR,NL,Deniz,0,0.28,3601.32,0.38
Şarj Cihazı,NL,TR,Deniz,1,0.13,8603.99,0.36
Telefon,NL,DE,Demir,0,0.38,4460.31,0.32
Şarj Cihazı,NL,TR,Kara,1,0.17,1383.45,0.36
Tablet,DE,NL,Demir,1,0.72,3730.16,0.34
Tablet,NL,TR,Kara,0,0.77,947.91,0.48
Elektronik-Bileşen,DE,TR,Demir,1,0.06,616.7,0.36
Bilgisayar,DE,TR,Kara,0,1.94,2415.64,0.53
Elektronik-Bileşen,NL,TR,Kara,0,0.26,5227.09,0.49
Bilgisayar,NL,DE,Hava,0,2.11,485.02,0.32
Kablo,NL,TR,Kara,1,0.12,5221.16,0.34
Şarj Cihazı,DE,NL,Hava,0,0.06,828.09,0.17
Şarj Cihazı,TR,NL,Kara,1,0.18,4853.16,0.33
Elektronik,DE,NL,Hava,0,0.62,3594.89,0.19
Telefon,DE,NL,Hava,0,0.39,4821.72,0.32
Telefon,TR,DE,Deniz,0,0.16,620.61,0.45
Bilgisayar,TR,DE,Kara,1,2.01,342.66,0.55
Kablo,TR,NL,Hava,0,0.15,1652.8,0.16
Elektronik-Aksesuar,TR,DE,Demir,0,0.22,2799.35,0.3
Elektronik,DE,NL,Hava,1,0.21,1710.03,0.24
Kulaklık,NL,DE,Demir,1,0.15,1420.96,0.27
Telefon,NL,TR,Kara,0,0.29,1638.43,0.46
Kulaklık,TR,NL,Demir,1,0.09,289.64,0.33
Kulaklık,DE,NL,Demir,0,0.15,1980.59,0.27
Elektronik-Aksesuar,TR,DE,Kara,0,0.07,671.74,0.4
Elektronik,NL,DE,Kara,1,0.51,3364.75,0.39
Şarj Cihazı,TR,DE,Kara,0,0.15,7041.15,0.35
Elektronik-Bileşen,TR,NL,Demir,0,-0.01,3541.22,0.31
Şarj Cihazı,TR,NL,Deniz,0,0.04,10244.47,0.28
Telefon,DE,NL,Deniz,0,0.2,2136.34,0.37
Kamera,TR,NL,Kara,1,0.82,8387.47,0.51
Telefon,DE,TR,Kara,1,0.17,1895.4,0.48
Telefon,TR,NL,Deniz,0,0.46,1547.29,0.38
Tablet,TR,DE,Deniz,1,0.58,7943.0,0.47
Bilgisayar,DE,TR,Demir,0,1.93,1205.6,0.43
Kulaklık,NL,TR,Deniz,0,0.23,1560.59,0.36
Elektronik,DE,TR,Hava,1,0.51,3804.55,0.25
Şarj Cihazı,NL,DE,Deniz,0,0.09,962.29,0.32
Bilgisayar,TR,NL,Deniz,1,1.95,6719.95,0.43
Elektronik,TR,NL,Demir,0,0.51,476.7,0.25
Elektronik-Bileşen,TR,NL,Deniz,1,0.01,652.8,0.36
Şarj Cihazı,NL,TR,Hava,0,-0.02,2259.48,0.21
Bilgisayar,DE,TR,Kara,0,1.84,7353.45,0.53
Telefon,NL,DE,Hava,1,0.27,1341.47,0.32
Elektronik-Bileşen,NL,DE,Deniz,0,0.08,627.65,0.35
Şarj Cihazı,NL,TR,Demir,0,0.13,1167.6,0.26
Kulaklık,TR,NL,Kara,0,0.09,3082.44,0.38
Bilgisayar,NL,TR,Kara,0,2.04,927.79,0.51
Elektronik-Bileşen,DE,TR,Deniz,0,0.02,3646.83,0.41
Kablo,NL,DE,Hava,0,-0.05,6279.52,0.15
Elektronik,DE,NL,Hava,0,0.39,867.27,0.24
Kulaklık,NL,DE,Hava,0,0.25,867.22,0.22
Elektronik-Aksesuar,TR,NL,Deniz,1,0.29,1696.41,0.33
Bilgisayar,TR,DE,Hava,0,2.12,9195.65,0.35
Elektronik,DE,NL,Demir,0,0.45,3911.28,0.24
Şarj Cihazı,DE,NL,Deniz,1,0.22,654.45,0.27
Telefon,DE,NL,Deniz,0,0.39,1376.2,0.42
Tablet,DE,TR,Kara,1,0.55,8511.44,0.5
Kamera,DE,NL,Demir,0,0.87,3915.24,0.4
Tablet,TR,NL,Demir,0,0.44,481.61,0.35
Tablet,NL,DE,Deniz,1,0.73,1377.32,0.39
Kamera,TR,NL,Hava,0,0.83,2430.06,0.41
Şarj Cihazı,DE,NL,Deniz,1,0.18,3295.73,0.27
Elektronik-Bileşen,DE,NL,Kara,0,0.16,18763.13,0.4
Kulaklık,NL,DE,Hava,0,0.24,12623.99,0.22
Kulaklık,DE,NL,Deniz,1,0.03,3406.61,0.32
Tablet,NL,DE,Kara,1,0.67,9254.76,0.49
Elektronik,TR,NL,Kara,0,0.6,11112.03,0.4
Şarj Cihazı,NL,TR,Deniz,0,0.22,2252.69,0.31
Elektronik-Aksesuar,NL,DE,Deniz,0,0.21,6419.2,0.37
Elektronik-Aksesuar,TR,DE,Kara,1,0.37,1846.25,0.4
Tablet,DE,TR,Hava,0,0.67,29516.5,0.35
Kulaklık,DE,NL,Demir,0,0.25,7933.33,0.27
Elektronik-Bileşen,NL,TR,Kara,1,0.09,3788.44,0.49
Kamera,DE,NL,Hava,0,0.7,2070.06,0.35
Elektronik-Bileşen,TR,DE,Demir,0,0.01,791.78,0.33
Şarj Cihazı,DE,TR,Kara,0,0.04,2440.06,0.43
Bilgisayar,NL,DE,Hava,1,2.08,2468.14,0.32
Kablo,DE,NL,Hava,0,0.03,254.0,0.15
Elektronik-Bileşen,TR,DE,Demir,0,0.35,994.43,0.33
Elektronik-Aksesuar,NL,DE,Deniz,0,0.23,2680.89,0.32
Tablet,NL,DE,Deniz,1,0.65,30823.65,0.39
Şarj Cihazı,NL,DE,Kara,1,0.04,4716.79,0.37
Elektronik-Aksesuar,NL,TR,Kara,1,0.31,2051.82,0.41
Şarj Cihazı,TR,DE,Hava,1,0.25,988.14,0.25
Elektronik-Aksesuar,TR,NL,Deniz,0,0.04,4915.79,0.33
Tablet,NL,DE,Demir,0,0.61,1086.15,0.39
Şarj Cihazı,TR,DE,Deniz,1,0.16,5947.72,0.3
Bilgisayar,DE,NL,Demir,1,1.99,2169.0,0.37
Kamera,NL,TR,Hava,1,0.98,692.28,0.44
Tablet,NL,TR,Demir,1,0.62,4290.29,0.43
Kulaklık,NL,DE,Hava,1,0.22,10848.8,0.27
Şarj Cihazı,NL,TR,Hava,0,0.1,1631.17,0.21
Kamera,NL,TR,Deniz,1,0.88,1651.29,0.49
Şarj Cihazı,TR,NL,Hava,0,0.2,1436.23,0.18
Elektronik-Aksesuar,DE,TR,Kara,0,0.3,1027.16,0.43
Şarj Cihazı,DE,TR,Kara,1,0.32,506.05,0.43
Telefon,NL,DE,Hava,0,0.12,6479.61,0.27
Bilgisayar,NL,TR,Hava,1,2.14,44016.74,0.36
Kablo,NL,TR,Hava,0,0.02,4380.12,0.24
Kablo,NL,DE,Deniz,0,0.18,1220.36,0.25
Elektronik,TR,DE,Kara,1,0.34,7169.98,0.42
Telefon,NL,DE,Deniz,0,0.3,3051.4,0.37
Kulaklık,NL,DE,Kara,1,0.19,4194.63,0.37
Kulaklık,TR,NL,Kara,1,0.02,1408.36,0.38
Kulaklık,TR,DE,Hava,0,0.15,204.07,0.25
Kulaklık,DE,NL,Demir,0,0.19,3142.86,0.27
Telefon,DE,TR,Kara,0,0.47,18703.58,0.48
Tablet,NL,DE,Demir,1,0.71,1258.58,0.34
Elektronik-Aksesuar,DE,TR,Kara,1,0.09,4236.23,0.43
Telefon,DE,TR,Kara,0,0.19,2551.45,0.53
Kulaklık,TR,DE,Deniz,1,0.26,1044.29,0.35
Elektronik,DE,NL,Demir,0,0.7,6201.39,0.24
Telefon,TR,NL,Kara,0,0.35,4298.16,0.43
Telefon,TR,NL,Demir,1,0.33,3206.27,0.33
Kulaklık,DE,NL,Deniz,1,0.13,2166.44,0.37
Elektronik-Bileşen,DE,NL,Hava,1,0.14,1950.63,0.25
Telefon,NL,DE,Deniz,0,0.29,293.15,0.42
Elektronik,DE,NL,Demir,1,0.52,178.65,0.29
Bilgisayar,NL,TR,Deniz,1,1.99,5220.37,0.46
Kamera,TR,NL,Kara,0,0.86,2196.79,0.56
Kamera,DE,TR,Demir,1,0.66,5261.96,0.46
Elektronik,NL,TR,Kara,1,0.56,106.14,0.38
Şarj Cihazı,DE,TR,Demir,1,0.21,5180.71,0.28
Şarj Cihazı,DE,NL,Deniz,0,0.21,3278.4,0.27
Elektronik-Aksesuar,TR,NL,Kara,1,0.15,4730.51,0.38
Tablet,NL,DE,Hava,1,0.54,2427.11,0.29
Telefon,NL,DE,Deniz,0,0.32,2322.52,0.37
Elektronik,TR,DE,Kara,0,0.42,1960.87,0.37
Kulaklık,NL,DE,Hava,0,0.12,1476.17,0.22
Kablo,NL,TR,Kara,0,0.09,4438.64,0.39
Kablo,DE,TR,Demir,0,0.03,2181.31,0.26
Kablo,NL,DE,Kara,0,0.09,1430.99,0.3
Şarj Cihazı,NL,DE,Kara,0,0.18,1654.65,0.32
Kulaklık,TR,NL,Kara,0,0.21,2055.57,0.38
Elektronik-Bileşen,DE,NL,Deniz,1,0.03,3600.25,0.35
Kablo,DE,NL,Hava,0,0.23,6933.48,0.15
Elektronik,NL,DE,Hava,0,0.34,1616.43,0.19
Şarj Cihazı,NL,DE,Hava,0,-0.02,2144.02,0.17
Telefon,TR,DE,Hava,0,0.36,4525.17,0.3
Elektronik,DE,NL,Demir,0,0.5,1989.96,0.24
Elektronik-Aksesuar,DE,TR,Demir,0,0.22,4948.21,0.38
Şarj Cihazı,NL,DE,Deniz,1,0.01,6190.42,0.27
Elektronik-Aksesuar,NL,TR,Kara,0,0.31,2427.94,0.46
Kulaklık,NL,DE,Kara,0,0.29,1750.75,0.37
Elektronik-Aksesuar,DE,NL,Kara,0,0.19,14572.07,0.37
Bilgisayar,NL,DE,Hava,0,1.92,3027.96,0.32
Telefon,DE,NL,Hava,0,0.31,2446.68,0.27
Bilgisayar,DE,TR,Demir,1,1.96,2309.87,0.43
Tablet,DE,NL,Kara,0,0.59,6105.15,0.44
Bilgisayar,TR,NL,Demir,0,2.02,533.3,0.38
Tablet,TR,NL,Deniz,0,0.56,16464.74,0.4
Bilgisayar,NL,TR,Kara,0,2.07,1704.03,0.51
Kulaklık,NL,DE,Demir,0,0.08,10382.15,0.27
Telefon,TR,NL,Kara,0,0.4,3368.99,0.43
Elektronik-Aksesuar,TR,DE,Hava,0,0.05,646.36,0.25
Elektronik,NL,TR,Hava,0,0.57,1524.86,0.23
Elektronik,TR,NL,Kara,1,0.5,3471.32,0.35
Kulaklık,TR,DE,Deniz,0,0.11,978.41,0.35
Şarj Cihazı,TR,NL,Demir,0,0.08,2434.28,0.28
Kulaklık,NL,TR,Kara,0,0.32,881.66,0.41
Tablet,DE,TR,Deniz,1,0.62,2113.41,0.45
Kablo,TR,DE,Hava,1,0.12,3952.63,0.18
Kamera,TR,DE,Demir,1,0.83,3538.47,0.43
Kulaklık,TR,NL,Deniz,0,0.22,1290.06,0.33
Elektronik,DE,TR,Kara,0,0.55,2114.97,0.4
Bilgisayar,DE,NL,Hava,0,2.08,8544.4,0.37
Şarj Cihazı,DE,NL,Hava,0,-0.01,2570.04,0.17
Elektronik-Bileşen,DE,TR,Demir,0,0.14,715.84,0.36
Bilgisayar,NL,TR,Deniz,1,1.97,320.36,0.46
Tablet,DE,TR,Hava,0,0.6,4351.1,0.35
Kablo,NL,DE,Demir,0,0.05,3603.8,0.2
Şarj Cihazı,DE,TR,Demir,0,0.18,1083.05,0.33
Elektronik-Bileşen,TR,DE,Demir,0,0.33,423.44,0.33
Tablet,TR,DE,Kara,1,0.56,3618.17,0.47
Kamera,TR,NL,Kara,1,0.54,1912.57,0.51
Tablet,DE,TR,Kara,0,0.56,398.54,0.55
Tablet,NL,TR,Deniz,1,0.65,4292.21,0.43
Elektronik-Bileşen,DE,NL,Hava,0,0.2,1461.75,0.25
Kamera,NL,DE,Deniz,1,0.7,3221.42,0.45
Bilgisayar,DE,TR,Hava,0,2.11,2849.12,0.38
Elektronik-Aksesuar,DE,TR,Demir,1,0.26,564.41,0.33
Kablo,DE,NL,Demir,0,0.19,2145.8,0.2
Şarj Cihazı,NL,TR,Hava,0,0.31,1568.92,0.21
Kablo,TR,NL,Kara,0,0.4,464.87,0.36
Elektronik-Bileşen,NL,TR,Deniz,1,0.12,2334.55,0.39
Şarj Cihazı,NL,TR,Hava,0,0.22,295.6,0.21
Elektronik-Aksesuar,DE,NL,Deniz,0,0.2,773.74,0.32
Telefon,NL,DE,Deniz,0,0.19,4078.94,0.42
Şarj Cihazı,DE,TR,Demir,0,0.15,27984.11,0.28
Elektronik-Aksesuar,NL,DE,Demir,0,0.29,1724.98,0.32
Kablo,TR,NL,Kara,0,0.04,9102.69,0.36
Elektronik,DE,NL,Deniz,1,0.44,719.78,0.29
Telefon,NL,TR,Deniz,1,0.16,791.48,0.41
Kamera,DE,TR,Deniz,1,0.84,3009.31,0.51
Elektronik-Bileşen,DE,TR,Kara,0,0.0,3065.07,0.46
Kamera,TR,DE,Demir,0,0.84,1678.51,0.43
Tablet,DE,NL,Demir,0,0.67,155.52,0.34
Kamera,TR,DE,Kara,0,0.9,1707.26,0.53
Elektronik-Bileşen,TR,NL,Hava,0,0.17,636.75,0.26
Telefon,TR,DE,Kara,0,0.19,606.0,0.45
Kulaklık,NL,DE,Demir,1,0.16,881.05,0.27
Telefon,TR,NL,Kara,1,0.33,9644.13,0.43
Elektronik-Aksesuar,DE,TR,Deniz,0,0.38,2946.2,0.38
Elektronik,NL,DE,Deniz,1,0.58,497.62,0.34
Telefon,TR,DE,Deniz,1,0.41,740.34,0.4
Kablo,TR,NL,Deniz,0,-0.03,3442.58,0.26
Telefon,NL,TR,Demir,0,0.41,5435.48,0.36
Kulaklık,TR,DE,Deniz,0,0.18,1876.74,0.4
Elektronik-Aksesuar,NL,DE,Hava,1,0.24,4376.95,0.22
Kablo,DE,NL,Hava,0,-0.14,3289.01,0.2
Bilgisayar,TR,DE,Demir,1,1.93,8515.05,0.45
Bilgisayar,DE,TR,Hava,0,2.05,6995.81,0.38
Kamera,NL,DE,Deniz,1,0.89,3570.19,0.45
Tablet,NL,DE,Kara,0,0.42,1043.38,0.44
Kamera,DE,TR,Kara,1,0.84,1483.58,0.56
Kamera,TR,NL,Hava,1,0.87,1357.17,0.36
Telefon,DE,TR,Demir,0,0.34,1672.34,0.38
Elektronik,NL,DE,Demir,0,0.51,1059.34,0.24
Şarj Cihazı,NL,TR,Demir,0,-0.05,6111.08,0.26
Telefon,DE,TR,Kara,0,0.23,559.54,0.48
Elektronik-Bileşen,DE,NL,Deniz,0,0.06,1705.9,0.35
Şarj Cihazı,NL,TR,Deniz,0,0.21,8549.85,0.31
Bilgisayar,DE,TR,Deniz,1,1.97,1184.57,0.48
Telefon,NL,TR,Demir,0,0.3,1537.5,0.36
Telefon,DE,NL,Deniz,1,0.28,797.07,0.42
Telefon,TR,DE,Demir,1,0.31,474.03,0.35
Telefon,NL,TR,Demir,1,0.13,1767.16,0.36
Telefon,NL,DE,Kara,0,0.33,691.21,0.47
Kamera,DE,NL,Kara,1,0.75,1530.75,0.55
Bilgisayar,DE,NL,Demir,0,2.2,4342.52,0.42
Elektronik-Bileşen,NL,DE,Kara,0,0.22,5534.99,0.4
Telefon,DE,NL,Demir,1,0.4,2635.07,0.32
Elektronik,NL,TR,Hava,1,0.37,3335.08,0.23
Elektronik,DE,NL,Kara,0,0.67,4145.98,0.34
Elektronik-Aksesuar,TR,NL,Hava,1,0.26,1706.66,0.23
Kamera,NL,TR,Demir,1,0.91,1438.12,0.44
Şarj Cihazı,NL,DE,Kara,0,0.1,16495.57,0.37
Kulaklık,NL,DE,Demir,0,0.23,2428.02,0.32
Elektronik-Aksesuar,NL,DE,Hava,0,-0.08,3596.15,0.27
Elektronik-Aksesuar,NL,DE,Hava,0,0.07,4003.31,0.22
Şarj Cihazı,NL,TR,Deniz,1,0.0,307.27,0.31
Elektronik-Bileşen,NL,TR,Deniz,0,-0.05,647.91,0.44
Kamera,TR,DE,Deniz,0,0.81,4221.11,0.48
Elektronik-Aksesuar,TR,DE,Demir,0,0.22,11126.75,0.3
Tablet,TR,NL,Demir,0,0.66,1118.06,0.35
Elektronik,TR,NL,Deniz,1,0.53,4132.89,0.3
Elektronik,NL,DE,Kara,0,0.53,4912.5,0.34
Elektronik,NL,DE,Hava,0,0.55,2414.91,0.19
Elektronik-Bileşen,TR,DE,Hava,0,0.15,7692.83,0.33
Telefon,NL,DE,Kara,0,0.25,1948.08,0.42
Bilgisayar,DE,TR,Kara,1,2.17,725.54,0.58
Kamera,DE,TR,Hava,0,0.95,2187.36,0.41
Bilgisayar,NL,TR,Deniz,0,2.06,5288.84,0.51
Elektronik-Bileşen,DE,NL,Demir,0,0.09,4380.53,0.3
Şarj Cihazı,DE,TR,Deniz,0,0.2,1259.37,0.38
Elektronik-Aksesuar,TR,NL,Demir,0,0.26,3683.42,0.28
Tablet,NL,TR,Deniz,1,0.53,673.93,0.48
Telefon,TR,NL,Kara,1,0.33,232.43,0.43
Elektronik,TR,NL,Deniz,0,0.54,3684.98,0.3
Elektronik-Aksesuar,DE,TR,Hava,1,-0.03,691.92,0.28
Kablo,TR,NL,Deniz,1,0.15,5032.26,0.26
Bilgisayar,TR,DE,Demir,1,1.9,337.8,0.4
Şarj Cihazı,DE,NL,Hava,0,0.21,12570.31,0.22
Elektronik-Bileşen,NL,DE,Deniz,0,-0.04,1141.84,0.35
Elektronik-Bileşen,DE,TR,Deniz,0,0.25,1214.41,0.46
Tablet,NL,DE,Kara,0,0.51,3428.23,0.44
Elektronik,NL,DE,Demir,0,0.46,2125.58,0.24
Kulaklık,TR,NL,Demir,0,0.24,1920.26,0.28
Kamera,TR,NL,Deniz,1,0.79,2396.88,0.46
Kablo,DE,TR,Deniz,0,0.15,2766.66,0.31
Elektronik-Bileşen,DE,TR,Demir,0,0.25,5442.69,0.41
Elektronik-Aksesuar,NL,DE,Kara,0,0.31,4563.88,0.42
Tablet,TR,DE,Deniz,0,0.56,1024.23,0.42
Bilgisayar,DE,NL,Kara,1,1.92,1884.93,0.47
Elektronik-Bileşen,TR,DE,Hava,0,0.07,5145.44,0.28
Kamera,DE,NL,Deniz,0,0.84,2078.29,0.45
Elektronik,TR,NL,Deniz,0,0.31,3732.68,0.3
Kablo,NL,DE,Demir,1,0.2,4520.21,0.2
Elektronik,DE,NL,Demir,0,0.63,5287.9,0.24
Elektronik-Bileşen,NL,TR,Hava,0,0.06,5751.12,0.34
Kamera,TR,DE,Kara,1,0.81,1125.65,0.58
Bilgisayar,DE,NL,Hava,0,2.08,3748.99,0.32
Elektronik-Bileşen,TR,NL,Kara,0,0.17,802.04,0.46
Kamera,DE,NL,Deniz,1,0.83,3191.85,0.5
Tablet,DE,TR,Demir,1,0.75,1404.2,0.4
Kablo,NL,TR,Demir,0,0.04,594.7,0.29
Elektronik-Bileşen,TR,NL,Deniz,1,-0.01,916.36,0.41
Kamera,DE,NL,Kara,0,0.89,4748.7,0.55
Kulaklık,DE,NL,Hava,0,0.02,252.5,0.22
Bilgisayar,DE,TR,Demir,1,2.01,1905.2,0.43
Tablet,TR,NL,Kara,0,0.42,1497.16,0.45
Bilgisayar,NL,DE,Hava,0,2.1,3436.98,0.37
Tablet,DE,NL,Demir,0,0.67,4033.88,0.34
Tablet,TR,DE,Hava,0,0.63,420.05,0.32
Şarj Cihazı,TR,NL,Hava,0,-0.04,1454.77,0.18
Kulaklık,DE,TR,Demir,1,0.15,3826.85,0.33
Kulaklık,TR,NL,Hava,0,0.44,619.47,0.23
Bilgisayar,NL,TR,Demir,0,1.97,6030.27,0.41
Kamera,TR,NL,Demir,0,0.93,3770.34,0.46
Kablo,DE,NL,Deniz,0,0.25,5590.81,0.25
Tablet,NL,TR,Deniz,1,0.62,1099.36,0.43
Telefon,NL,DE,Hava,0,0.16,1155.14,0.27
Kablo,TR,NL,Kara,0,0.19,445.01,0.31
Kamera,TR,DE,Deniz,1,0.91,1971.75,0.53
Bilgisayar,TR,DE,Demir,0,1.99,1045.32,0.45
Tablet,DE,NL,Hava,0,0.55,2341.65,0.29
Tablet,TR,NL,Deniz,0,0.53,1236.28,0.45
Bilgisayar,DE,TR,Deniz,0,1.96,12395.88,0.48
Elektronik-Aksesuar,DE,NL,Kara,0,0.36,4718.03,0.37
Kulaklık,TR,NL,Kara,0,0.22,4116.92,0.43
Kulaklık,TR,NL,Demir,0,0.03,3442.55,0.33
Tablet,TR,NL,Deniz,1,0.62,870.43,0.4
Elektronik-Bileşen,TR,NL,Deniz,1,0.12,940.95,0.36
Elektronik-Aksesuar,NL,TR,Hava,1,0.2,26048.04,0.26
Şarj Cihazı,TR,NL,Demir,0,0.01,5438.07,0.28
Kulaklık,TR,NL,Hava,0,0.23,4561.99,0.23
Elektronik-Aksesuar,NL,DE,Demir,0,0.16,2792.08,0.27
Elektronik,NL,TR,Demir,1,0.53,2734.27,0.33
Kablo,DE,NL,Deniz,0,-0.07,1485.97,0.25
Telefon,TR,NL,Deniz,0,0.13,1264.4,0.43
Kablo,TR,DE,Kara,1,0.01,5976.58,0.33
Tablet,TR,NL,Deniz,0,0.66,1150.26,0.4
Bilgisayar,NL,DE,Kara,1,1.81,1728.6,0.47
Kablo,DE,NL,Deniz,0,0.2,1788.76,0.3
Tablet,DE,NL,Hava,0,0.52,1959.63,0.29
Bilgisayar,NL,TR,Hava,0,1.9,5368.41,0.36
Tablet,TR,DE,Kara,1,0.78,4533.83,0.47
Elektronik-Bileşen,TR,NL,Hava,0,0.25,2872.7,0.26
Şarj Cihazı,DE,NL,Hava,0,0.27,1863.9,0.17
Kablo,DE,NL,Hava,0,0.15,1392.23,0.2
Kulaklık,NL,TR,Hava,1,0.24,145.24,0.26
Kulaklık,DE,TR,Hava,1,0.23,572.53,0.28
Tablet,DE,TR,Kara,1,0.64,1851.46,0.5
Elektronik,DE,TR,Hava,0,0.52,670.4,0.25
Kamera,NL,DE,Demir,1,0.54,1557.43,0.45
Kulaklık,DE,NL,Demir,0,-0.0,5102.37,0.27
Elektronik-Aksesuar,TR,DE,Hava,0,0.13,1595.03,0.25
Bilgisayar,TR,NL,Hava,0,2.25,19386.85,0.33
Şarj Cihazı,DE,TR,Demir,0,0.04,2288.44,0.28
Kablo,NL,DE,Deniz,0,-0.16,1119.4,0.25
Kablo,TR,NL,Kara,1,0.12,2408.55,0.31
Şarj Cihazı,TR,NL,Hava,0,0.17,5453.36,0.23
Kamera,TR,DE,Kara,1,0.75,8050.65,0.53
Elektronik,DE,NL,Kara,1,0.44,661.93,0.34
Elektronik-Bileşen,DE,TR,Hava,1,0.25,1681.65,0.31
Telefon,NL,DE,Demir,1,0.09,11269.63,0.32
Elektronik-Aksesuar,NL,TR,Hava,0,0.12,4017.82,0.26
Telefon,TR,NL,Kara,0,0.15,4254.57,0.48
Kablo,NL,TR,Kara,1,0.19,1085.96,0.39
Bilgisayar,DE,NL,Deniz,0,2.11,2401.29,0.47
Elektronik-Aksesuar,DE,TR,Kara,0,0.21,7339.62,0.43
Elektronik-Aksesuar,NL,TR,Hava,0,0.1,585.72,0.26
Elektronik-Aksesuar,NL,DE,Hava,0,0.27,465.42,0.22
Kamera,DE,TR,Kara,1,0.94,10564.06,0.56
Kamera,DE,NL,Deniz,0,0.89,8759.03,0.45
Elektronik-Bileşen,DE,NL,Kara,1,0.09,903.09,0.4
Kulaklık,DE,NL,Deniz,1,0.23,2065.18,0.32
Elektronik-Bileşen,NL,DE,Kara,1,0.13,637.45,0.4
Elektronik-Bileşen,NL,DE,Hava,0,0.13,4147.95,0.25
Kamera,TR,NL,Kara,0,0.86,4040.74,0.51
Tablet,DE,NL,Hava,1,0.51,11527.99,0.29
Kablo,DE,NL,Deniz,0,-0.03,5526.48,0.25
Elektronik,TR,NL,Deniz,1,0.51,2169.3,0.3
Elektronik-Bileşen,TR,NL,Demir,0,0.14,1135.49,0.31
Elektronik,DE,TR,Hava,1,0.58,7920.67,0.25
Bilgisayar,TR,NL,Deniz,1,1.97,4106.53,0.43
Tablet,DE,TR,Kara,0,0.63,7169.02,0.5
Elektronik-Aksesuar,TR,NL,Kara,0,0.27,2199.84,0.38
Telefon,DE,TR,Deniz,0,0.32,806.83,0.43
Elektronik,TR,NL,Deniz,0,0.36,3127.4,0.3
Elektronik-Aksesuar,NL,TR,Demir,0,0.21,1624.51,0.36
Elektronik,TR,NL,Deniz,1,0.57,4427.86,0.35
Kamera,NL,TR,Demir,1,0.74,1319.89,0.44
Elektronik-Bileşen,TR,NL,Deniz,1,-0.01,2506.03,0.36
Elektronik-Bileşen,TR,NL,Kara,1,0.09,7562.57,0.46
Bilgisayar,TR,NL,Hava,1,1.88,2446.7,0.33
Elektronik-Aksesuar,TR,DE,Hava,0,0.15,3487.4,0.25
Kulaklık,DE,TR,Hava,0,0.12,214.61,0.28
Kamera,NL,DE,Hava,1,0.75,2517.11,0.35
Elektronik-Bileşen,TR,DE,Deniz,0,-0.15,1039.94,0.38
Kablo,NL,DE,Kara,0,0.1,1626.03,0.3
Kamera,DE,TR,Hava,0,0.86,2349.94,0.41
Bilgisayar,NL,TR,Hava,0,2.07,674.22,0.41
Şarj Cihazı,NL,DE,Deniz,0,-0.06,7982.52,0.32
Bilgisayar,TR,DE,Demir,0,2.02,10378.03,0.45
Bilgisayar,NL,TR,Hava,1,1.96,1415.95,0.36
Kulaklık,DE,TR,Hava,0,0.21,440.48,0.33
Kulaklık,NL,TR,Deniz,0,0.38,2045.86,0.36
Tablet,DE,TR,Demir,1,0.59,1060.02,0.4
Kablo,DE,NL,Hava,0,0.2,1145.48,0.15
Kulaklık,TR,DE,Deniz,1,0.08,242.09,0.35
Elektronik,DE,TR,Deniz,0,0.48,6436.79,0.35
Elektronik,DE,NL,Demir,0,0.34,1327.01,0.24
Kamera,NL,DE,Deniz,0,0.62,4293.61,0.5
Şarj Cihazı,NL,TR,Kara,0,0.2,5942.57,0.41
Elektronik-Bileşen,DE,TR,Hava,1,0.13,2716.47,0.31
Elektronik-Aksesuar,NL,DE,Demir,0,0.13,4725.49,0.27
Kablo,NL,TR,Kara,0,0.03,513.33,0.39
Kamera,NL,TR,Deniz,1,0.84,634.79,0.49
Telefon,TR,NL,Deniz,1,0.18,1513.27,0.38
Kulaklık,NL,TR,Kara,1,0.12,1604.27,0.41
Elektronik-Aksesuar,TR,DE,Hava,1,0.14,1603.91,0.25
Elektronik,TR,NL,Kara,1,0.55,1404.08,0.4
Şarj Cihazı,NL,DE,Hava,1,0.06,500.79,0.22
Tablet,TR,NL,Deniz,1,0.58,2071.95,0.4
Elektronik,DE,NL,Kara,1,0.4,8247.11,0.39
Şarj Cihazı,TR,NL,Deniz,0,0.2,723.43,0.28
Kulaklık,DE,NL,Deniz,0,0.14,2154.04,0.32
Kulaklık,NL,TR,Kara,1,0.13,690.71,0.46
Elektronik-Aksesuar,DE,TR,Deniz,0,0.19,819.36,0.38
Telefon,NL,TR,Deniz,1,0.42,574.45,0.46
Elektronik,TR,DE,Demir,0,0.4,393.03,0.27
Tablet,DE,TR,Hava,1,0.66,4103.06,0.35
Elektronik,NL,DE,Hava,0,0.4,353.67,0.19
Tablet,TR,NL,Kara,1,0.76,850.37,0.45
Bilgisayar,TR,NL,Deniz,0,1.9,946.47,0.48
Şarj Cihazı,NL,TR,Hava,0,0.06,2864.65,0.21
Telefon,NL,TR,Demir,1,0.35,16097.83,0.36
Elektronik-Bileşen,DE,NL,Kara,0,0.19,12516.34,0.4
Tablet,TR,NL,Deniz,0,0.43,254.8,0.4
Tablet,TR,NL,Kara,1,0.56,3110.33,0.45
Kablo,TR,NL,Kara,0,0.11,22798.56,0.31
Kablo,DE,TR,Hava,1,0.12,973.53,0.26
Elektronik-Aksesuar,TR,NL,Deniz,0,0.19,1509.5,0.33
Telefon,NL,DE,Deniz,0,0.42,618.4,0.37
Tablet,TR,NL,Kara,0,0.5,1423.96,0.45
Elektronik-Bileşen,TR,DE,Demir,0,0.24,4025.37,0.38
Kulaklık,TR,DE,Kara,1,0.16,1526.73,0.45
Elektronik-Bileşen,TR,DE,Demir,1,0.07,242.33,0.33
Tablet,DE,TR,Deniz,1,0.61,1482.57,0.45
Şarj Cihazı,TR,NL,Deniz,1,-0.01,13583.2,0.28
Kablo,NL,TR,Demir,0,0.17,3343.28,0.29
Elektronik-Aksesuar,TR,NL,Kara,1,0.36,14133.63,0.38
Tablet,DE,NL,Kara,1,0.64,2741.84,0.44
Kulaklık,DE,TR,Deniz,1,0.22,313.33,0.38
Telefon,TR,DE,Hava,0,0.34,6045.85,0.3
Elektronik-Bileşen,TR,NL,Demir,1,0.01,985.3,0.31
Tablet,DE,TR,Kara,1,0.54,1870.72,0.5
Telefon,DE,NL,Demir,1,0.1,4080.15,0.37
Bilgisayar,TR,DE,Hava,0,1.8,1985.81,0.4
Bilgisayar,NL,TR,Hava,1,1.96,2648.88,0.41
Tablet,TR,DE,Hava,1,0.48,2399.94,0.32
Tablet,DE,TR,Kara,0,0.73,2519.37,0.5
Bilgisayar,TR,DE,Demir,0,1.95,522.87,0.4
Kulaklık,NL,TR,Deniz,1,0.34,166.89,0.36
Kulaklık,TR,DE,Deniz,1,0.0,1353.63,0.4
Elektronik,TR,DE,Hava,0,0.62,6291.93,0.22
Telefon,DE,NL,Deniz,1,0.22,2837.8,0.37
Kablo,NL,DE,Deniz,0,0.05,5934.34,0.25
Elektronik,TR,DE,Demir,1,0.61,4169.27,0.27
Elektronik-Aksesuar,TR,NL,Deniz,0,0.16,3046.1,0.38
Elektronik,DE,TR,Hava,0,0.4,696.91,0.25
Kablo,DE,NL,Demir,0,-0.03,1920.63,0.25
Elektronik,DE,NL,Hava,0,0.5,1114.21,0.24
Tablet,TR,DE,Kara,1,0.68,2550.38,0.47
Bilgisayar,DE,TR,Deniz,0,2.1,4248.04,0.48
Kablo,NL,TR,Kara,1,-0.05,6871.73,0.39
Kulaklık,DE,NL,Deniz,0,0.08,5958.22,0.32
Elektronik-Bileşen,DE,NL,Hava,0,0.12,754.73,0.3
Kamera,TR,DE,Deniz,1,0.81,238.99,0.48
Kamera,NL,DE,Demir,0,0.59,1011.48,0.4
Şarj Cihazı,DE,NL,Kara,0,0.25,8836.85,0.32
Kamera,DE,TR,Deniz,0,0.84,2289.84,0.51
Tablet,NL,TR,Deniz,1,0.5,2142.93,0.43
Bilgisayar,TR,NL,Kara,1,1.89,1403.14,0.53
Kablo,TR,DE,Deniz,0,-0.03,1546.64,0.28
Telefon,NL,TR,Kara,1,0.22,2171.8,0.46
Şarj Cihazı,NL,TR,Hava,0,0.21,2374.85,0.26
Kablo,DE,NL,Hava,0,0.02,278.43,0.15
Elektronik-Aksesuar,TR,NL,Kara,0,0.43,1340.47,0.38
Kablo,TR,NL,Hava,0,0.11,890.37,0.16
Kablo,TR,NL,Kara,0,0.09,1231.43,0.31
Elektronik-Aksesuar,DE,TR,Deniz,1,0.01,4795.43,0.43
Elektronik,TR,DE,Deniz,0,0.51,1113.88,0.32
Şarj Cihazı,DE,TR,Kara,0,0.07,513.93,0.43
Kablo,TR,DE,Kara,0,0.08,8020.07,0.38
Elektronik-Aksesuar,DE,TR,Deniz,0,0.17,1941.19,0.43
Elektronik-Aksesuar,NL,TR,Deniz,0,0.07,3329.23,0.41
Şarj Cihazı,DE,TR,Kara,0,0.14,3078.83,0.38
Kamera,NL,TR,Kara,0,0.87,641.73,0.54
Bilgisayar,DE,TR,Hava,0,1.95,1160.96,0.38
Kamera,NL,DE,Kara,1,0.51,15648.69,0.5
Elektronik-Aksesuar,NL,DE,Hava,0,0.18,1984.57,0.22
Kablo,TR,NL,Kara,1,0.15,2397.44,0.31
Bilgisayar,TR,DE,Deniz,1,1.74,7759.5,0.5
Kablo,DE,TR,Hava,0,0.0,1614.07,0.26
Kablo,DE,TR,Deniz,0,0.13,6133.04,0.36
Kulaklık,TR,NL,Deniz,1,0.23,2289.73,0.33
Telefon,DE,NL,Hava,0,0.4,601.99,0.27
Elektronik-Bileşen,NL,DE,Demir,1,0.05,8564.34,0.3
Elektronik,DE,TR,Hava,0,0.51,3281.31,0.25
Elektronik-Bileşen,DE,NL,Deniz,1,0.07,1622.48,0.35
Elektronik,TR,NL,Demir,0,0.41,2481.52,0.25
Kamera,TR,NL,Demir,1,0.92,1072.62,0.46
Kamera,DE,NL,Deniz,1,1.03,1679.74,0.45
Kulaklık,NL,TR,Hava,0,0.14,5902.15,0.31
Kulaklık,TR,DE,Kara,1,0.24,203.46,0.4
Elektronik,DE,NL,Deniz,0,0.42,3070.4,0.29
Elektronik-Bileşen,DE,TR,Demir,0,0.21,14406.41,0.36
Elektronik-Aksesuar,NL,TR,Deniz,1,0.1,1512.45,0.36
Tablet,NL,DE,Deniz,0,0.5,1670.59,0.44
Kamera,NL,TR,Demir,1,0.78,15884.14,0.44
Elektronik-Aksesuar,TR,DE,Kara,0,0.08,968.0,0.4
Telefon,TR,NL,Kara,0,0.16,2818.24,0.43
Bilgisayar,DE,TR,Deniz,0,1.94,1939.17,0.48
Elektronik,DE,NL,Hava,0,0.64,2747.1,0.24
Elektronik,DE,TR,Demir,0,0.31,1096.44,0.35
Elektronik-Bileşen,DE,NL,Hava,0,-0.08,2263.63,0.25
Elektronik-Bileşen,TR,DE,Hava,0,0.07,1647.4,0.28
Bilgisayar,TR,NL,Deniz,0,1.99,547.82,0.48
Bilgisayar,DE,NL,Demir,1,1.91,1446.19,0.37
Bilgisayar,TR,NL,Hava,0,2.09,2416.27,0.33
Tablet,DE,NL,Hava,0,0.45,4646.79,0.29
Kulaklık,TR,NL,Demir,0,0.12,1060.92,0.28
Kulaklık,DE,TR,Kara,1,0.36,10782.35,0.43
Kablo,TR,DE,Deniz,0,-0.1,2206.79,0.28
Elektronik-Bileşen,NL,DE,Demir,1,-0.06,8824.43,0.35
Kablo,TR,DE,Demir,0,0.28,457.48,0.23
Şarj Cihazı,DE,NL,Hava,0,0.06,1464.67,0.17
Kulaklık,DE,TR,Demir,1,0.17,3152.85,0.33
Elektronik,NL,TR,Deniz,0,0.46,514.02,0.33
Kulaklık,TR,DE,Hava,1,0.12,5926.3,0.25
Telefon,TR,DE,Demir,0,0.15,498.39,0.35
Elektronik-Bileşen,NL,DE,Hava,0,0.09,3047.57,0.25
Elektronik-Aksesuar,NL,DE,Kara,1,0.39,704.4,0.37
Elektronik-Bileşen,TR,NL,Demir,0,0.29,778.43,0.31
Şarj Cihazı,DE,NL,Demir,0,0.02,1060.92,0.22
Elektronik,NL,DE,Deniz,0,0.61,954.81,0.29
Kamera,TR,DE,Deniz,0,0.77,3191.69,0.48
Elektronik-Bileşen,NL,TR,Kara,1,0.13,2484.71,0.44
Şarj Cihazı,DE,NL,Kara,0,0.14,879.64,0.32
Kamera,NL,DE,Demir,0,0.82,1342.09,0.4
Elektronik,TR,NL,Demir,0,0.6,1085.7,0.3
Elektronik-Aksesuar,NL,DE,Deniz,1,0.22,1137.93,0.32
Kamera,DE,TR,Deniz,0,0.79,2818.21,0.51
Kulaklık,DE,NL,Deniz,0,0.12,2399.67,0.37
Tablet,DE,NL,Kara,1,0.58,12230.48,0.44
Kulaklık,NL,TR,Hava,1,0.25,5342.99,0.26
Elektronik-Aksesuar,DE,NL,Kara,1,0.45,2617.42,0.37
Bilgisayar,NL,DE,Deniz,0,1.92,182.67,0.42
Telefon,DE,TR,Demir,1,0.14,4929.18,0.38
Kulaklık,NL,DE,Deniz,1,0.31,8585.13,0.32
Şarj Cihazı,TR,DE,Kara,0,0.11,2843.41,0.35
Şarj Cihazı,DE,TR,Deniz,0,-0.04,538.81,0.33
Elektronik-Aksesuar,TR,DE,Deniz,1,0.15,1927.99,0.35
Telefon,TR,NL,Deniz,1,0.28,1805.93,0.38
Tablet,NL,TR,Kara,0,0.74,1370.92,0.48
Tablet,DE,NL,Deniz,0,0.52,3005.99,0.39
Elektronik,TR,NL,Demir,1,0.62,4452.69,0.3
Kablo,DE,TR,Demir,0,0.03,3733.04,0.26
Kablo,NL,DE,Kara,0,0.12,35932.68,0.3
Elektronik-Aksesuar,DE,TR,Kara,0,0.23,2376.13,0.43
Elektronik,DE,TR,Hava,0,0.49,1909.24,0.25
Kablo,TR,DE,Hava,0,0.04,1275.86,0.23
Telefon,DE,NL,Deniz,0,0.4,3547.08,0.37
Elektronik,DE,TR,Hava,0,0.53,1964.3,0.25
Kablo,TR,DE,Kara,1,0.14,987.31,0.33
Kablo,DE,NL,Demir,0,0.08,1144.22,0.2
Kamera,DE,NL,Kara,1,0.87,1155.45,0.5
Telefon,DE,NL,Demir,0,0.19,911.71,0.32
Kablo,TR,DE,Kara,0,-0.02,1797.56,0.33
Şarj Cihazı,NL,DE,Kara,0,-0.11,1842.91,0.37
Elektronik-Bileşen,DE,TR,Kara,0,0.21,605.49,0.46
Bilgisayar,NL,DE,Kara,1,2.02,7394.18,0.47
Bilgisayar,NL,DE,Hava,1,1.94,3055.9,0.32
Elektronik-Aksesuar,NL,TR,Deniz,0,0.36,2151.26,0.41
Kablo,DE,NL,Hava,0,0.06,24212.67,0.2
Elektronik,NL,DE,Kara,0,0.38,2355.79,0.34
Bilgisayar,DE,NL,Demir,0,2.13,1643.16,0.37
Elektronik,NL,TR,Kara,0,0.52,607.62,0.38
Telefon,NL,DE,Kara,0,0.23,880.86,0.42
Şarj Cihazı,DE,TR,Hava,0,0.06,614.7,0.28
Bilgisayar,TR,NL,Hava,0,2.0,7313.69,0.33
Bilgisayar,NL,TR,Kara,1,2.12,459.02,0.51
Elektronik-Bileşen,TR,NL,Hava,0,0.27,2479.26,0.26
Bilgisayar,DE,NL,Kara,0,1.98,1184.26,0.52
Bilgisayar,NL,DE,Demir,0,2.03,679.12,0.37
Elektronik-Bileşen,DE,TR,Deniz,0,0.15,1867.44,0.41
Kulaklık,TR,DE,Demir,0,0.28,24582.42,0.35
Şarj Cihazı,DE,NL,Deniz,0,-0.12,201.7,0.32
Elektronik-Aksesuar,TR,DE,Kara,0,0.16,540.12,0.4
Kamera,NL,DE,Hava,1,0.66,3628.3,0.4
Tablet,NL,TR,Deniz,1,0.62,480.18,0.43
Kulaklık,DE,TR,Kara,0,0.09,1919.28,0.43
Elektronik,TR,NL,Kara,1,0.69,10139.95,0.35
Telefon,TR,DE,Demir,0,0.31,5438.66,0.4
Elektronik-Bileşen,TR,NL,Demir,1,0.08,3644.13,0.31
Kamera,DE,NL,Demir,0,0.8,1685.34,0.4
Elektronik,TR,DE,Kara,0,0.35,1650.59,0.37
Elektronik,DE,TR,Deniz,1,0.39,4837.01,0.35
Elektronik,NL,TR,Hava,0,0.57,1559.65,0.23
Tablet,DE,TR,Deniz,1,0.71,787.62,0.45
Kamera,NL,DE,Hava,0,0.94,4087.62,0.35
Elektronik-Bileşen,TR,NL,Kara,0,0.09,1136.99,0.41
Kulaklık,NL,DE,Demir,0,0.16,21094.6,0.32
Elektronik-Aksesuar,DE,NL,Kara,0,0.13,791.96,0.37
Telefon,TR,NL,Deniz,1,0.31,763.44,0.43
Telefon,TR,DE,Hava,0,0.39,1892.69,0.35
Elektronik,NL,TR,Deniz,0,0.61,6929.43,0.38
Tablet,NL,TR,Demir,1,0.68,612.6,0.38
Bilgisayar,NL,TR,Deniz,0,2.0,4137.53,0.51
Elektronik-Bileşen,NL,TR,Deniz,0,-0.09,4766.72,0.39
Elektronik-Bileşen,DE,NL,Demir,0,-0.06,5603.17,0.3
Elektronik-Bileşen,NL,DE,Demir,0,0.19,1388.23,0.3
Elektronik-Aksesuar,TR,DE,Kara,1,0.08,5059.46,0.45
Kamera,NL,TR,Kara,1,1.02,3553.46,0.54
Kablo,NL,TR,Demir,1,0.11,307.49,0.24
Elektronik-Bileşen,NL,TR,Kara,0,-0.01,819.8,0.44
Elektronik-Bileşen,TR,NL,Hava,0,0.04,2887.9,0.31
Kablo,TR,NL,Hava,0,0.1,851.34,0.16
Tablet,NL,DE,Kara,0,0.64,2432.68,0.44
Elektronik-Aksesuar,TR,NL,Hava,0,0.18,256.05,0.23
Kulaklık,DE,TR,Deniz,0,-0.01,2868.05,0.38
Elektronik,NL,TR,Deniz,0,0.58,959.25,0.33
Kablo,NL,DE,Hava,0,-0.12,1253.77,0.2
Elektronik-Bileşen,NL,TR,Deniz,1,0.08,4754.3,0.39
Bilgisayar,NL,TR,Demir,1,2.0,1163.35,0.41
Bilgisayar,DE,NL,Deniz,0,2.01,1213.12,0.47
Elektronik-Bileşen,TR,DE,Kara,0,0.1,3222.14,0.43
Tablet,NL,DE,Demir,1,0.75,1763.16,0.34
Elektronik-Bileşen,TR,DE,Deniz,1,0.03,1091.46,0.43
Elektronik-Aksesuar,NL,TR,Kara,0,0.1,2450.02,0.41
Tablet,DE,NL,Deniz,1,0.75,912.84,0.39
Tablet,DE,TR,Deniz,1,0.55,413.4,0.45
Kamera,DE,NL,Kara,0,0.93,552.7,0.5
Kamera,NL,DE,Demir,0,0.75,489.61,0.4
Elektronik-Aksesuar,TR,DE,Deniz,0,0.23,5548.39,0.35
Elektronik-Aksesuar,TR,NL,Demir,0,0.09,5500.96,0.28
Kablo,NL,DE,Hava,0,0.1,1609.46,0.2
Kablo,DE,NL,Deniz,1,-0.07,2391.19,0.25
Elektronik-Aksesuar,DE,NL,Deniz,1,0.22,6310.25,0.32
Kamera,DE,TR,Deniz,0,0.82,10680.36,0.56
Bilgisayar,NL,DE,Deniz,0,2.05,2440.63,0.42
Şarj Cihazı,NL,TR,Kara,1,0.18,3774.9,0.36
Şarj Cihazı,NL,TR,Demir,0,0.0,5121.52,0.26
Telefon,DE,NL,Demir,0,0.2,10761.67,0.32
Elektronik-Aksesuar,NL,TR,Deniz,1,0.18,10147.62,0.36
Elektronik-Aksesuar,NL,DE,Demir,0,0.2,2278.27,0.32
Elektronik-Aksesuar,TR,NL,Kara,0,0.17,1399.03,0.38
Telefon,DE,NL,Deniz,0,0.15,817.13,0.37
Şarj Cihazı,TR,NL,Demir,1,0.08,4296.23,0.23
Telefon,TR,NL,Demir,1,0.28,533.24,0.33
Kablo,DE,TR,Demir,0,-0.04,593.75,0.31
Kulaklık,DE,TR,Demir,0,0.12,692.41,0.33
Elektronik,TR,NL,Demir,1,0.49,1383.82,0.25
Elektronik,NL,TR,Deniz,0,0.61,1666.17,0.33
Kablo,NL,DE,Hava,0,-0.08,4812.36,0.15
Kulaklık,DE,NL,Deniz,0,0.12,740.42,0.32
Telefon,DE,NL,Demir,1,0.45,627.48,0.37
Tablet,NL,DE,Deniz,0,0.7,2471.98,0.39
Elektronik-Bileşen,NL,TR,Deniz,1,0.16,396.09,0.39
Tablet,DE,NL,Kara,1,0.57,2216.46,0.44
Elektronik-Bileşen,TR,DE,Demir,1,0.09,6338.7,0.33
Elektronik-Aksesuar,NL,DE,Deniz,0,0.19,6063.92,0.37
Bilgisayar,NL,TR,Hava,0,2.08,3030.75,0.41
Elektronik-Bileşen,DE,TR,Demir,0,-0.12,7516.12,0.36
Telefon,NL,DE,Deniz,1,0.24,2184.93,0.42
Kamera,TR,DE,Demir,1,0.92,2028.91,0.48
Kulaklık,NL,TR,Demir,1,0.16,976.64,0.31
Elektronik,NL,TR,Demir,0,0.61,1290.8,0.28
Kablo,DE,TR,Hava,0,0.23,1425.52,0.21
Elektronik-Aksesuar,TR,NL,Kara,0,0.33,3861.45,0.43
Şarj Cihazı,DE,NL,Hava,1,0.09,663.3,0.17
Bilgisayar,DE,NL,Kara,1,2.04,2614.22,0.47
Kulaklık,TR,DE,Demir,0,0.29,1555.78,0.35
Kablo,NL,DE,Kara,0,0.15,2259.79,0.3
Şarj Cihazı,NL,TR,Hava,1,0.0,761.6,0.21
Telefon,NL,DE,Kara,0,0.22,2332.1,0.42
Elektronik-Aksesuar,NL,TR,Kara,0,0.38,1583.3,0.41
Elektronik-Bileşen,DE,NL,Demir,0,0.1,3510.47,0.3
Şarj Cihazı,DE,NL,Deniz,1,0.21,4602.96,0.27
Şarj Cihazı,TR,DE,Demir,0,0.3,19646.79,0.25
Elektronik-Aksesuar,TR,DE,Hava,1,0.15,1490.57,0.25
Bilgisayar,TR,NL,Kara,0,1.84,7791.15,0.48
Elektronik-Aksesuar,TR,NL,Hava,0,0.22,245.99,0.23
Şarj Cihazı,TR,NL,Demir,0,0.02,976.51,0.28
Elektronik-Bileşen,NL,TR,Demir,1,0.05,1255.85,0.34
Telefon,NL,DE,Deniz,0,0.41,2479.57,0.37
Kamera,DE,NL,Kara,0,0.88,1833.37,0.5
Şarj Cihazı,TR,DE,Kara,0,-0.13,814.83,0.35
Telefon,NL,DE,Hava,0,0.41,17871.28,0.32
Tablet,NL,TR,Hava,0,0.67,1446.72,0.38
Bilgisayar,DE,TR,Deniz,0,2.09,816.57,0.48
Elektronik-Aksesuar,TR,DE,Demir,1,0.24,1099.67,0.3
Elektronik,DE,NL,Kara,0,0.65,2168.75,0.39
Elektronik-Aksesuar,TR,NL,Deniz,0,0.32,5314.91,0.38
Tablet,DE,TR,Deniz,1,0.6,1565.55,0.5
Elektronik-Aksesuar,DE,TR,Kara,1,0.3,3552.87,0.48
Kulaklık,NL,DE,Deniz,0,0.32,436.16,0.32
Tablet,NL,TR,Hava,0,0.5,5111.27,0.33
Şarj Cihazı,TR,DE,Demir,0,0.04,581.04,0.25
Şarj Cihazı,NL,DE,Deniz,0,-0.04,244.71,0.27
Tablet,TR,DE,Kara,1,0.6,350.54,0.47
Tablet,DE,NL,Hava,1,0.54,1038.09,0.29
Kablo,NL,DE,Deniz,0,-0.12,803.54,0.25
Elektronik-Bileşen,NL,DE,Demir,0,0.21,24441.49,0.35
Telefon,NL,TR,Deniz,1,0.13,3322.33,0.46
Tablet,DE,TR,Demir,1,0.52,3477.33,0.4
Bilgisayar,NL,DE,Deniz,0,1.8,1848.83,0.47
Şarj Cihazı,DE,NL,Demir,1,0.09,1057.96,0.22
Elektronik,DE,TR,Kara,1,0.54,4109.44,0.45
Şarj Cihazı,TR,DE,Hava,0,0.13,4451.63,0.25
Şarj Cihazı,NL,TR,Deniz,1,0.02,4848.05,0.36
Telefon,NL,TR,Demir,0,0.23,2511.01,0.36
Elektronik-Bileşen,TR,NL,Deniz,1,0.14,928.4,0.36
Elektronik-Aksesuar,TR,NL,Kara,1,0.16,27906.38,0.38
Elektronik,TR,DE,Deniz,0,0.53,923.96,0.32
Elektronik-Aksesuar,DE,TR,Hava,1,0.06,5862.04,0.28
Bilgisayar,DE,NL,Demir,1,2.12,1329.8,0.42
Kamera,DE,NL,Deniz,0,0.83,1179.03,0.45
Kamera,NL,TR,Deniz,0,0.83,1703.79,0.49
Kablo,TR,DE,Deniz,0,0.0,499.14,0.28
Tablet,NL,TR,Kara,0,0.65,5867.01,0.48
Bilgisayar,NL,TR,Kara,1,2.08,935.78,0.51
Kulaklık,DE,NL,Deniz,0,0.31,1272.56,0.37
Kulaklık,TR,DE,Hava,0,0.19,6277.85,0.3
Kamera,NL,DE,Hava,0,0.83,285.89,0.35
Bilgisayar,NL,DE,Deniz,1,2.06,4160.56,0.42
Şarj Cihazı,NL,TR,Deniz,0,0.02,1381.1,0.36
Elektronik,TR,NL,Deniz,1,0.54,980.89,0.35
Bilgisayar,TR,NL,Hava,0,2.04,3691.38,0.33
Kamera,NL,TR,Hava,1,0.83,414.26,0.44
Elektronik-Aksesuar,TR,NL,Hava,1,0.26,3965.55,0.23
Elektronik-Bileşen,TR,DE,Demir,0,0.15,18946.9,0.33
Şarj Cihazı,TR,NL,Deniz,1,-0.03,2807.9,0.28
Bilgisayar,TR,DE,Demir,1,1.99,3536.68,0.4
Tablet,DE,TR,Hava,1,0.55,5421.35,0.35
Elektronik-Bileşen,DE,TR,Hava,1,0.09,3281.6,0.31
Tablet,DE,NL,Kara,0,0.68,6425.37,0.44
Kablo,NL,DE,Hava,0,-0.06,6001.39,0.15
Kablo,NL,DE,Kara,0,-0.06,3200.12,0.3
Kamera,TR,DE,Kara,1,0.91,998.63,0.53
Telefon,TR,NL,Kara,0,0.25,4280.11,0.48
Tablet,TR,NL,Demir,1,0.66,1066.01,0.35
Kulaklık,DE,NL,Kara,1,0.29,1985.14,0.37
Kulaklık,NL,TR,Hava,1,0.27,934.67,0.26
Kablo,TR,NL,Hava,0,0.14,10748.78,0.16
Şarj Cihazı,TR,NL,Deniz,1,0.12,1920.66,0.33
Elektronik-Bileşen,TR,DE,Demir,0,-0.07,1500.64,0.33
Kablo,TR,DE,Kara,0,0.12,2619.63,0.33
Şarj Cihazı,NL,DE,Hava,0,0.0,3604.04,0.17
Tablet,DE,TR,Kara,1,0.55,5605.07,0.5
Elektronik-Aksesuar,DE,TR,Demir,1,0.16,2833.38,0.33
Tablet,NL,TR,Hava,0,0.62,6784.93,0.33
Kablo,NL,TR,Hava,0,0.18,569.04,0.19
Kulaklık,TR,DE,Hava,1,0.24,125.33,0.25
Kulaklık,DE,TR,Hava,0,0.25,834.39,0.28
Kulaklık,TR,DE,Kara,0,0.11,963.4,0.45
Tablet,TR,DE,Hava,0,0.5,14049.83,0.37
Şarj Cihazı,DE,NL,Demir,1,0.09,807.14,0.22
Kulaklık,TR,DE,Kara,1,0.11,4706.25,0.45
Elektronik-Bileşen,NL,DE,Kara,0,-0.03,675.2,0.4
Kablo,NL,TR,Demir,1,-0.05,2879.39,0.29
Kamera,DE,TR,Kara,0,0.88,2352.25,0.61
Kamera,TR,NL,Kara,0,0.73,864.17,0.51
Tablet,DE,NL,Deniz,0,0.75,2037.18,0.39
Şarj Cihazı,TR,NL,Hava,0,0.11,1750.24,0.18
Telefon,TR,NL,Hava,1,0.26,6441.38,0.28
Elektronik-Aksesuar,TR,DE,Kara,1,0.08,12403.25,0.4
Kablo,NL,TR,Hava,0,0.02,1690.92,0.19
Kamera,DE,TR,Demir,0,0.73,4313.34,0.46
Kulaklık,DE,TR,Hava,0,0.12,3471.95,0.28
Kamera,TR,DE,Deniz,0,0.82,726.21,0.48
Elektronik-Aksesuar,NL,TR,Hava,0,0.17,7305.95,0.26
Şarj Cihazı,TR,DE,Deniz,0,0.16,4762.56,0.35
Elektronik-Aksesuar,DE,TR,Demir,0,0.13,1028.0,0.38
Kablo,NL,TR,Kara,0,0.14,6961.04,0.39
Elektronik-Bileşen,TR,NL,Demir,0,-0.02,19518.37,0.36
Kulaklık,TR,DE,Demir,1,0.15,11286.89,0.3
Kablo,TR,DE,Kara,1,-0.07,1319.84,0.33
Elektronik-Aksesuar,NL,DE,Demir,1,0.17,6673.7,0.27
Kablo,NL,TR,Hava,0,-0.02,2133.31,0.19
Kamera,DE,TR,Deniz,1,0.6,118.26,0.51
Elektronik,TR,NL,Hava,0,0.66,3958.54,0.2
Kablo,TR,DE,Demir,1,0.08,1689.91,0.28
Kablo,NL,TR,Deniz,0,0.07,3583.83,0.29
Elektronik-Bileşen,DE,TR,Deniz,1,0.12,900.45,0.41
Kamera,NL,DE,Kara,1,0.8,1053.37,0.5
Elektronik,NL,DE,Hava,0,0.56,145.9,0.19
Kulaklık,DE,NL,Deniz,0,0.27,393.01,0.37
Kamera,TR,NL,Demir,0,0.78,317.0,0.41
Telefon,TR,NL,Demir,0,0.18,912.78,0.33
Bilgisayar,TR,DE,Deniz,1,1.9,3907.05,0.45
Kablo,NL,TR,Deniz,0,-0.03,1532.94,0.29
Kamera,NL,TR,Kara,1,0.9,3401.83,0.54
Kamera,DE,TR,Hava,0,0.83,828.41,0.46
Kamera,NL,DE,Kara,1,0.76,6963.81,0.5
Şarj Cihazı,DE,NL,Kara,1,0.22,6047.86,0.37
Kamera,TR,NL,Demir,0,0.74,3632.59,0.46
Elektronik-Aksesuar,DE,NL,Kara,0,0.0,5939.04,0.37
Bilgisayar,NL,DE,Demir,1,2.0,2870.18,0.37
Elektronik-Aksesuar,NL,TR,Hava,1,0.27,2246.14,0.31
Kulaklık,NL,TR,Deniz,0,0.29,3569.68,0.36
Telefon,NL,DE,Kara,0,0.29,9834.75,0.42
Şarj Cihazı,NL,TR,Hava,0,0.06,3148.81,0.21
Kamera,NL,TR,Deniz,1,0.85,8710.92,0.49
Elektronik-Aksesuar,DE,NL,Deniz,1,-0.11,2284.32,0.32
Elektronik-Bileşen,DE,TR,Kara,0,0.2,3474.53,0.46
Elektronik-Bileşen,NL,TR,Demir,0,0.08,1337.14,0.34
Kamera,NL,DE,Deniz,1,0.83,891.76,0.5
Elektronik-Aksesuar,NL,DE,Demir,0,0.17,1232.02,0.32
Elektronik,TR,NL,Hava,0,0.37,322.34,0.2
Elektronik,NL,TR,Hava,1,0.55,866.26,0.23
Elektronik,DE,TR,Deniz,0,0.28,1337.09,0.35
Elektronik-Aksesuar,TR,NL,Demir,0,0.2,6685.0,0.33
Tablet,NL,DE,Demir,0,0.57,6450.77,0.34
Kablo,TR,DE,Deniz,0,0.11,21954.45,0.28
Elektronik-Bileşen,NL,DE,Kara,1,0.09,2616.1,0.4
Tablet,DE,TR,Hava,1,0.67,727.96,0.4
Kulaklık,DE,TR,Kara,0,0.12,260.14,0.43
Elektronik-Aksesuar,DE,TR,Deniz,1,0.2,517.2,0.38
Şarj Cihazı,DE,NL,Deniz,0,0.24,1320.46,0.32
Şarj Cihazı,DE,NL,Demir,0,0.12,4419.77,0.22
Kamera,NL,DE,Hava,0,0.85,1277.54,0.4
Tablet,DE,NL,Deniz,1,0.61,352.39,0.39
Kulaklık,TR,NL,Deniz,1,0.27,1646.36,0.33
Kamera,NL,TR,Hava,1,0.5,1314.66,0.39
Tablet,DE,NL,Deniz,1,0.66,3732.78,0.39
Bilgisayar,TR,NL,Deniz,0,2.17,5046.69,0.43
Kamera,NL,DE,Deniz,0,0.78,831.54,0.45
Şarj Cihazı,TR,NL,Kara,1,-0.11,21126.06,0.33
Tablet,TR,NL,Hava,1,0.54,3243.9,0.3
Telefon,DE,TR,Hava,1,0.2,3358.89,0.33
Telefon,DE,TR,Hava,1,0.23,3043.37,0.33
Telefon,TR,NL,Hava,0,0.16,1581.94,0.28
Elektronik-Bileşen,TR,DE,Demir,1,0.11,1191.58,0.33
Kablo,TR,DE,Demir,0,0.31,6264.85,0.23
Tablet,NL,DE,Demir,0,0.61,12091.75,0.34
Kablo,DE,NL,Hava,1,-0.02,1573.46,0.15
Şarj Cihazı,DE,NL,Hava,1,0.22,3693.56,0.22
Kablo,TR,DE,Demir,0,0.06,3300.24,0.28
Kulaklık,NL,TR,Kara,1,0.13,2590.26,0.41
Kamera,NL,TR,Demir,1,0.74,1774.28,0.49
Elektronik-Bileşen,NL,DE,Kara,0,0.07,1207.13,0.45
Elektronik,TR,DE,Demir,0,0.54,1287.2,0.27
Kablo,TR,NL,Kara,1,0.08,881.51,0.31
Kablo,DE,TR,Kara,0,0.05,217.27,0.36
Telefon,DE,NL,Kara,0,0.26,648.15,0.42
Tablet,TR,NL,Demir,1,0.42,518.42,0.35
Telefon,DE,NL,Kara,0,0.47,2725.52,0.42
Kamera,DE,NL,Hava,0,0.87,4852.67,0.35
Kablo,TR,DE,Deniz,0,-0.05,601.1,0.33
Bilgisayar,TR,NL,Demir,1,2.15,6170.56,0.43
Telefon,TR,DE,Demir,0,0.16,2192.83,0.35
Elektronik,TR,NL,Demir,0,0.6,495.27,0.25
Elektronik-Aksesuar,NL,DE,Demir,0,0.42,6664.21,0.27
Bilgisayar,DE,TR,Demir,0,2.11,2786.27,0.43
Elektronik-Bileşen,NL,TR,Deniz,0,0.08,1091.87,0.39
Telefon,DE,NL,Deniz,1,0.21,2160.41,0.37
Kulaklık,NL,DE,Kara,1,0.19,2735.91,0.37
Tablet,DE,NL,Kara,0,0.72,5634.16,0.44
Elektronik,DE,TR,Kara,1,0.43,118.6,0.4
Kablo,TR,DE,Kara,1,0.02,2013.91,0.33
Tablet,DE,NL,Demir,0,0.64,218.06,0.34
Elektronik-Bileşen,DE,NL,Demir,0,-0.01,1145.56,0.3
Elektronik-Aksesuar,TR,NL,Demir,0,0.31,5561.5,0.28
Kablo,NL,DE,Deniz,1,0.24,1041.18,0.25
Elektronik-Bileşen,TR,NL,Hava,0,0.13,11939.7,0.26
Tablet,DE,NL,Kara,1,0.58,737.46,0.44
Kablo,NL,DE,Kara,0,0.12,561.68,0.3
Kulaklık,DE,NL,Demir,0,0.18,1448.82,0.27
Elektronik-Aksesuar,TR,DE,Hava,0,0.17,8920.5,0.3
Telefon,NL,DE,Deniz,0,0.32,2990.86,0.42
Telefon,TR,NL,Deniz,0,0.52,4038.22,0.38
Elektronik-Bileşen,TR,NL,Deniz,0,0.1,568.57,0.36
Elektronik,DE,TR,Deniz,0,0.54,581.5,0.35
Bilgisayar,NL,TR,Deniz,1,2.06,2241.6,0.51
Kamera,DE,TR,Hava,0,0.75,2069.45,0.46
Bilgisayar,DE,TR,Hava,0,2.03,2017.29,0.38
Şarj Cihazı,TR,DE,Deniz,1,0.08,891.0,0.3
Tablet,DE,NL,Demir,0,0.8,325.91,0.39
Şarj Cihazı,DE,NL,Hava,0,0.14,4613.8,0.22
Şarj Cihazı,TR,NL,Demir,0,0.11,2717.67,0.28
Şarj Cihazı,NL,DE,Kara,1,0.17,2048.02,0.32
Kulaklık,NL,TR,Deniz,1,0.17,1624.52,0.41
Kulaklık,DE,NL,Demir,0,0.21,2519.67,0.27
Bilgisayar,TR,NL,Deniz,0,1.88,1612.43,0.43
Elektronik,NL,TR,Kara,1,0.37,1949.55,0.38
Bilgisayar,DE,TR,Demir,1,2.02,1011.71,0.48
Kulaklık,DE,TR,Demir,0,0.21,689.46,0.33
Bilgisayar,NL,TR,Deniz,1,2.01,1314.31,0.46
Şarj Cihazı,DE,TR,Demir,0,-0.07,1150.75,0.28
Şarj Cihazı,DE,NL,Hava,0,-0.08,991.68,0.22
Elektronik-Aksesuar,NL,DE,Demir,1,0.15,1812.57,0.27
Telefon,DE,TR,Demir,0,0.49,1774.03,0.38
Telefon,NL,DE,Kara,1,0.27,459.15,0.47
Şarj Cihazı,DE,NL,Hava,0,0.1,4495.19,0.17
Elektronik-Bileşen,TR,DE,Kara,0,0.18,8115.34,0.43
Elektronik-Bileşen,NL,DE,Demir,0,0.1,493.21,0.3
Bilgisayar,NL,DE,Hava,0,1.95,928.55,0.32
Tablet,TR,DE,Deniz,0,0.49,245.25,0.47
Şarj Cihazı,TR,DE,Deniz,0,0.17,1013.88,0.3
Bilgisayar,DE,TR,Demir,1,2.06,3912.93,0.43
Elektronik,TR,DE,Hava,0,0.63,4093.69,0.22
Elektronik,DE,TR,Kara,0,0.43,1039.12,0.4
Kamera,DE,NL,Kara,0,0.83,3143.32,0.5
Kulaklık,NL,TR,Kara,0,0.22,6658.85,0.46
Elektronik-Bileşen,TR,DE,Kara,0,0.09,1625.85,0.48
Kamera,TR,NL,Hava,0,0.88,8594.56,0.36
Telefon,DE,NL,Deniz,0,0.3,347.37,0.37
Elektronik-Bileşen,NL,TR,Demir,0,0.18,858.23,0.34
Kulaklık,TR,DE,Hava,0,0.19,2041.0,0.3
Kulaklık,NL,TR,Hava,1,0.26,1405.01,0.26
Kulaklık,DE,NL,Kara,1,0.09,2594.76,0.37
Elektronik-Aksesuar,NL,TR,Deniz,0,0.07,7084.35,0.36
Bilgisayar,DE,NL,Hava,0,2.02,1285.43,0.37
Tablet,TR,DE,Deniz,1,0.7,2402.44,0.42
Telefon,NL,DE,Kara,0,0.01,2185.0,0.42
Elektronik,TR,NL,Deniz,0,0.56,1111.97,0.3
Kamera,TR,DE,Deniz,0,0.56,1375.7,0.48
Kablo,NL,DE,Hava,0,0.15,22980.76,0.2
Tablet,TR,DE,Hava,0,0.34,15793.96,0.32
Kulaklık,TR,NL,Deniz,1,0.18,2994.37,0.38
Elektronik,DE,TR,Deniz,1,0.52,1322.05,0.35
Elektronik-Aksesuar,DE,TR,Kara,0,0.2,195.53,0.43
Şarj Cihazı,NL,DE,Demir,0,0.22,3817.61,0.22
Telefon,TR,NL,Kara,0,0.36,5234.9,0.43
Elektronik-Aksesuar,DE,TR,Demir,0,0.22,7465.78,0.38
Kulaklık,NL,DE,Demir,0,0.42,826.98,0.27
Telefon,NL,TR,Kara,1,0.35,507.53,0.46
Tablet,NL,DE,Kara,0,0.69,1649.77,0.44
Kablo,NL,TR,Deniz,1,-0.08,1475.42,0.34
Şarj Cihazı,TR,NL,Kara,1,0.05,455.86,0.33
Bilgisayar,NL,DE,Demir,1,2.04,10691.64,0.42
Elektronik,NL,DE,Hava,0,0.55,2681.24,0.19
Elektronik,NL,DE,Hava,1,0.63,1259.2,0.19
Tablet,NL,TR,Demir,0,0.79,7277.65,0.38
Telefon,NL,DE,Hava,0,0.36,1393.95,0.27
Kablo,DE,NL,Demir,0,-0.1,568.16,0.25
Tablet,TR,DE,Deniz,1,0.56,7449.71,0.47
Elektronik,TR,DE,Deniz,0,0.58,6833.22,0.37
Telefon,TR,NL,Hava,0,0.41,1501.82,0.28
Elektronik-Bileşen,TR,NL,Demir,0,0.17,2654.39,0.31
Şarj Cihazı,NL,DE,Deniz,0,0.06,1446.68,0.27
Tablet,TR,DE,Deniz,1,0.45,1420.07,0.42
Telefon,NL,DE,Deniz,0,0.33,3272.86,0.37
Kulaklık,NL,TR,Kara,0,0.2,1423.75,0.41
Şarj Cihazı,NL,DE,Kara,0,0.0,1279.08,0.32
Elektronik,NL,DE,Deniz,0,0.49,5305.84,0.29
Elektronik-Bileşen,DE,TR,Hava,0,0.2,2949.69,0.31
Şarj Cihazı,TR,DE,Hava,0,-0.06,1000.11,0.25
Şarj Cihazı,DE,TR,Hava,0,0.06,1315.38,0.23
Şarj Cihazı,NL,TR,Hava,0,0.02,1220.73,0.21
Şarj Cihazı,NL,DE,Deniz,1,0.32,10330.16,0.27
Kablo,DE,NL,Demir,0,-0.02,1443.45,0.2
Elektronik-Bileşen,TR,DE,Demir,0,0.22,3060.53,0.38
Şarj Cihazı,DE,TR,Demir,0,0.07,222.28,0.28
Tablet,DE,NL,Kara,0,0.74,1230.63,0.44
Kamera,NL,DE,Kara,0,0.93,2447.74,0.5
Kablo,TR,DE,Demir,1,-0.06,4779.62,0.23
Şarj Cihazı,NL,DE,Kara,0,0.11,794.42,0.37
Kulaklık,DE,NL,Deniz,0,0.35,2403.67,0.37
Elektronik,DE,TR,Hava,0,0.38,651.7,0.25
Bilgisayar,TR,NL,Hava,1,2.11,3549.41,0.33
Telefon,DE,TR,Kara,1,0.28,12817.68,0.48
Şarj Cihazı,NL,TR,Deniz,0,0.02,4338.46,0.36
Elektronik,DE,NL,Hava,0,0.47,5704.53,0.19
Elektronik-Aksesuar,DE,NL,Hava,0,0.16,716.97,0.27
Telefon,DE,NL,Deniz,0,0.47,10041.21,0.42
Kablo,DE,TR,Deniz,1,-0.08,227.51,0.31
Tablet,DE,TR,Demir,1,0.71,458.84,0.4
Kablo,TR,NL,Deniz,0,-0.14,2742.6,0.26
Kablo,DE,TR,Deniz,1,0.05,3632.4,0.31
Tablet,DE,NL,Demir,1,0.58,324.75,0.34
Elektronik-Bileşen,TR,DE,Demir,1,0.19,929.68,0.33
Elektronik,DE,TR,Kara,1,0.49,6865.2,0.4
Şarj Cihazı,NL,TR,Kara,0,0.08,3870.2,0.41
Şarj Cihazı,NL,TR,Hava,0,0.12,1583.43,0.21
Elektronik,NL,DE,Demir,0,0.37,4440.49,0.24
Kablo,NL,TR,Hava,0,0.04,6562.7,0.19
Kamera,DE,NL,Hava,1,0.82,3658.54,0.35
Elektronik-Aksesuar,DE,TR,Demir,0,0.11,2159.16,0.38
Kablo,NL,TR,Demir,0,0.25,3799.59,0.29
Bilgisayar,TR,NL,Demir,0,1.86,5949.08,0.38
Elektronik-Aksesuar,TR,NL,Hava,0,0.2,3884.77,0.23
Kulaklık,DE,TR,Hava,0,0.12,5780.86,0.33
Telefon,TR,NL,Demir,0,0.31,1116.57,0.33
Tablet,NL,TR,Deniz,0,0.53,4271.46,0.43
Kamera,DE,NL,Kara,1,0.75,6027.9,0.55
Telefon,DE,NL,Deniz,0,0.3,3652.26,0.42
Bilgisayar,TR,NL,Demir,0,1.98,5631.48,0.38
Kablo,TR,NL,Deniz,0,0.01,16120.23,0.26
Telefon,TR,NL,Hava,1,0.4,2995.53,0.28
Elektronik-Bileşen,TR,DE,Hava,0,0.15,3729.0,0.33
Kablo,TR,NL,Deniz,0,-0.04,7545.14,0.26
Tablet,NL,TR,Kara,0,0.49,159.72,0.48
Kulaklık,DE,TR,Kara,1,0.12,916.6,0.43
Telefon,NL,TR,Hava,1,0.19,208.81,0.31
Şarj Cihazı,NL,DE,Demir,0,0.15,3758.25,0.27
Kablo,NL,TR,Deniz,0,-0.06,4478.0,0.29
Kamera,NL,TR,Kara,0,0.8,500.47,0.54
Elektronik-Aksesuar,TR,NL,Hava,1,0.28,858.74,0.23
Kablo,DE,TR,Demir,0,0.03,24491.24,0.26
Elektronik,TR,NL,Kara,0,0.44,4383.58,0.4
Tablet,TR,DE,Kara,1,0.66,427.22,0.47
Kamera,TR,NL,Deniz,0,0.78,3804.15,0.51
Tablet,DE,TR,Hava,0,0.58,672.1,0.35
Telefon,NL,DE,Deniz,0,0.12,88.64,0.37
Elektronik,TR,NL,Kara,0,0.29,6900.71,0.35
Kulaklık,DE,TR,Deniz,0,0.31,4010.97,0.38
Tablet,NL,DE,Kara,1,0.46,1097.06,0.44
Bilgisayar,TR,NL,Deniz,1,2.2,679.55,0.48
Bilgisayar,DE,TR,Kara,1,2.19,5587.16,0.53
Telefon,TR,NL,Demir,0,0.24,442.96,0.33
Elektronik-Aksesuar,TR,NL,Hava,0,0.27,24541.79,0.28
Kamera,TR,DE,Demir,1,0.72,2944.88,0.43
Bilgisayar,NL,DE,Demir,1,2.05,5407.23,0.42
Şarj Cihazı,TR,DE,Hava,0,-0.04,3991.99,0.2
Kablo,NL,TR,Hava,1,0.03,5300.13,0.19
Bilgisayar,NL,TR,Demir,0,2.01,503.08,0.41
Elektronik-Aksesuar,NL,TR,Kara,1,0.23,1369.83,0.41
Elektronik-Bileşen,NL,TR,Hava,0,0.05,156.28,0.29
Tablet,TR,DE,Kara,1,0.59,2389.82,0.47
Kamera,DE,NL,Demir,0,0.87,6528.72,0.45
Bilgisayar,TR,DE,Deniz,0,2.02,2707.07,0.45
Elektronik-Aksesuar,TR,DE,Kara,0,0.18,1232.12,0.4
Kablo,NL,TR,Hava,1,0.02,3456.61,0.19
Telefon,NL,TR,Kara,0,0.38,351.5,0.46
Elektronik-Bileşen,NL,DE,Hava,1,-0.19,1967.97,0.25
Şarj Cihazı,NL,DE,Kara,0,0.02,5108.97,0.37
Elektronik-Aksesuar,DE,NL,Demir,0,0.16,2558.82,0.32
Elektronik-Aksesuar,TR,DE,Hava,0,-0.03,763.35,0.3
Elektronik,DE,TR,Kara,0,0.48,276.2,0.4
Kamera,TR,DE,Hava,0,0.8,184.36,0.38
Elektronik-Bileşen,TR,NL,Demir,0,0.18,4452.87,0.36
Tablet,DE,TR,Demir,0,0.58,438.27,0.4
Kamera,TR,NL,Kara,0,0.81,654.82,0.51
Kamera,NL,TR,Deniz,0,0.74,450.85,0.49
Kulaklık,DE,TR,Hava,0,0.15,941.75,0.28
Şarj Cihazı,NL,DE,Deniz,0,0.14,2101.93,0.27
Şarj Cihazı,DE,TR,Hava,0,0.16,1314.35,0.28
Bilgisayar,DE,NL,Kara,1,1.98,1958.28,0.52
Bilgisayar,DE,TR,Demir,1,1.97,249.48,0.43
Bilgisayar,NL,TR,Hava,0,2.16,4588.0,0.36
Kulaklık,NL,DE,Deniz,1,0.19,2318.91,0.32
Şarj Cihazı,TR,DE,Hava,0,-0.03,10209.21,0.2
Kamera,DE,NL,Demir,1,0.76,11241.02,0.4
Elektronik,TR,NL,Hava,0,0.33,814.77,0.25
Kulaklık,TR,NL,Kara,1,0.0,299.42,0.38
Elektronik-Aksesuar,NL,TR,Deniz,1,0.19,2096.89,0.41
Elektronik-Bileşen,NL,DE,Kara,0,0.12,1438.31,0.45
Elektronik-Bileşen,NL,DE,Hava,0,0.13,744.41,0.25
Kamera,NL,DE,Deniz,0,0.81,1899.67,0.45
Elektronik-Aksesuar,DE,TR,Hava,0,0.13,2172.55,0.28
Elektronik-Aksesuar,TR,DE,Demir,1,0.2,585.27,0.3
Bilgisayar,DE,NL,Kara,0,1.83,1203.34,0.47
Elektronik-Aksesuar,TR,DE,Hava,0,0.29,746.7,0.25
Elektronik,NL,DE,Deniz,0,0.5,3367.13,0.29
Kulaklık,DE,NL,Deniz,1,0.13,14466.15,0.37
Kablo,DE,TR,Hava,0,-0.1,10460.28,0.21
Kablo,NL,DE,Demir,1,-0.03,3664.43,0.2
Kamera,DE,TR,Deniz,1,0.8,630.78,0.51
Telefon,NL,DE,Hava,0,0.13,2207.89,0.27
Elektronik,TR,DE,Deniz,0,0.53,8805.78,0.32
Tablet,TR,DE,Deniz,1,0.5,3413.66,0.42
Kablo,NL,DE,Kara,1,0.01,12382.86,0.35
Elektronik-Bileşen,TR,DE,Demir,0,0.03,3234.59,0.33
Elektronik-Aksesuar,TR,NL,Hava,0,0.23,3935.09,0.23
Kulaklık,NL,DE,Deniz,1,0.1,822.64,0.37
Elektronik-Bileşen,DE,NL,Kara,0,0.02,2395.44,0.4
Kamera,TR,NL,Deniz,1,0.98,3653.97,0.46
Bilgisayar,DE,TR,Deniz,1,2.0,1870.32,0.53
Bilgisayar,DE,NL,Hava,0,2.02,7842.42,0.32
Telefon,NL,TR,Deniz,0,0.19,5851.04,0.46
Kablo,NL,TR,Demir,0,-0.12,603.27,0.24
Kablo,NL,DE,Demir,0,-0.0,1629.6,0.2
Kablo,DE,NL,Kara,0,0.12,1164.43,0.3
Elektronik-Aksesuar,NL,DE,Demir,0,0.11,1092.01,0.27
Kulaklık,TR,DE,Kara,0,0.25,680.2,0.45
Telefon,TR,DE,Deniz,0,0.27,1068.2,0.4
Kulaklık,NL,TR,Hava,0,0.06,1679.39,0.31
Kablo,DE,NL,Deniz,1,-0.02,999.7,0.3
Tablet,DE,TR,Deniz,1,0.57,9005.5,0.45
Telefon,NL,DE,Kara,0,0.35,11762.51,0.42
Elektronik-Bileşen,DE,NL,Kara,1,0.11,1828.98,0.4
Elektronik,TR,NL,Kara,1,0.35,10693.98,0.4
Kamera,NL,TR,Hava,1,0.87,1597.88,0.39
Telefon,DE,NL,Demir,1,0.35,5496.68,0.37
Kulaklık,TR,DE,Demir,0,0.07,684.83,0.3
Elektronik-Aksesuar,NL,DE,Kara,0,0.18,2048.52,0.37
Kulaklık,DE,TR,Kara,1,0.18,110.57,0.48
Kablo,NL,DE,Deniz,0,-0.04,3392.89,0.25
Telefon,NL,DE,Kara,0,0.36,669.23,0.47
Elektronik-Bileşen,TR,NL,Deniz,0,0.19,1025.34,0.36
Tablet,DE,TR,Demir,0,0.7,399.47,0.45
Elektronik-Aksesuar,NL,TR,Kara,1,0.26,1993.49,0.41
Tablet,NL,TR,Kara,0,0.5,906.06,0.53
Kamera,TR,NL,Hava,0,0.89,7163.47,0.41
Tablet,DE,NL,Hava,0,0.5,5176.77,0.29
Şarj Cihazı,DE,TR,Deniz,0,0.1,428.69,0.33
Tablet,TR,DE,Deniz,0,0.43,450.53,0.42
Kulaklık,NL,TR,Demir,0,0.35,1212.08,0.31
Şarj Cihazı,TR,DE,Kara,0,0.11,3681.93,0.35
Kulaklık,NL,DE,Kara,0,0.16,15661.94,0.37
Elektronik-Aksesuar,TR,DE,Hava,0,0.52,4916.61,0.25
Elektronik,DE,NL,Deniz,0,0.36,7071.87,0.34
Elektronik,DE,TR,Deniz,0,0.45,4364.18,0.35
Tablet,DE,TR,Deniz,1,0.48,2310.42,0.5
Şarj Cihazı,NL,DE,Deniz,1,0.33,1627.76,0.32
Kablo,DE,TR,Kara,0,0.25,2975.25,0.36
Telefon,TR,NL,Kara,1,0.19,16636.35,0.43
Şarj Cihazı,DE,NL,Deniz,0,0.19,591.13,0.27
Bilgisayar,TR,DE,Kara,0,2.04,3508.55,0.5
Elektronik-Bileşen,TR,DE,Hava,0,0.16,1434.07,0.28
Şarj Cihazı,DE,NL,Kara,0,0.05,2323.99,0.32
Elektronik-Aksesuar,NL,DE,Hava,0,0.22,5999.01,0.22
Elektronik-Aksesuar,TR,NL,Kara,0,0.1,8806.43,0.38
Şarj Cihazı,DE,TR,Hava,0,0.09,10552.42,0.23
Elektronik,DE,TR,Deniz,0,0.52,697.74,0.35
Kamera,TR,DE,Demir,1,0.64,1313.35,0.48
Kamera,TR,NL,Kara,0,0.74,721.58,0.51
Bilgisayar,DE,TR,Deniz,0,2.02,5183.27,0.48
Kulaklık,NL,TR,Deniz,0,0.3,6793.02,0.36
Kulaklık,TR,NL,Kara,0,0.33,3538.98,0.38
Kulaklık,DE,TR,Hava,0,0.17,6504.14,0.28
Elektronik-Aksesuar,NL,DE,Kara,0,0.35,3247.66,0.37
Kamera,TR,NL,Kara,1,0.8,4136.55,0.51
Kulaklık,DE,TR,Deniz,0,0.02,1996.74,0.38
Kulaklık,TR,NL,Demir,1,0.17,3427.94,0.33
Kulaklık,TR,NL,Kara,0,0.32,1758.88,0.38
Kablo,NL,TR,Deniz,1,0.23,3519.03,0.29
Kamera,NL,TR,Kara,1,0.82,9742.56,0.54
Şarj Cihazı,NL,TR,Kara,1,0.07,427.25,0.36
Şarj Cihazı,DE,NL,Demir,1,0.14,771.95,0.22
Telefon,NL,TR,Hava,0,0.28,840.48,0.31
Kulaklık,DE,TR,Kara,0,0.04,644.37,0.43
Telefon,NL,DE,Demir,0,0.36,10084.47,0.32
Kablo,DE,TR,Hava,0,-0.04,5814.0,0.21
Elektronik-Bileşen,NL,DE,Deniz,0,0.01,5819.35,0.35
Kablo,NL,DE,Kara,1,0.32,4505.44,0.3
Şarj Cihazı,TR,NL,Hava,0,0.07,2082.42,0.18
Bilgisayar,DE,TR,Deniz,0,2.15,2315.84,0.48
Kablo,DE,NL,Demir,1,0.24,2079.7,0.2
Elektronik,TR,DE,Hava,0,0.58,889.71,0.22
Kablo,NL,TR,Hava,0,-0.23,6404.57,0.19
Elektronik-Aksesuar,DE,NL,Demir,1,0.1,711.29,0.27
Kablo,NL,DE,Hava,0,0.06,1384.91,0.15
Telefon,NL,DE,Kara,1,0.37,2349.43,0.42
Kablo,NL,DE,Demir,1,0.0,1085.11,0.2
Tablet,TR,DE,Demir,1,0.67,3145.27,0.37
Elektronik-Aksesuar,DE,TR,Kara,0,0.38,532.61,0.48
Şarj Cihazı,TR,DE,Kara,0,-0.07,2238.55,0.35
Elektronik-Bileşen,DE,TR,Hava,0,0.15,2296.2,0.31
Kamera,NL,DE,Kara,1,0.91,1721.88,0.5
Kamera,DE,NL,Demir,1,0.65,375.36,0.4
Şarj Cihazı,TR,DE,Demir,0,0.32,785.42,0.25
Elektronik-Aksesuar,TR,NL,Kara,0,0.28,815.93,0.38
Kamera,TR,NL,Hava,0,0.91,2958.5,0.41
Elektronik-Aksesuar,TR,DE,Deniz,1,0.31,684.57,0.35
Elektronik-Aksesuar,NL,DE,Demir,1,0.02,412.35,0.32
Elektronik-Aksesuar,TR,DE,Demir,1,0.14,670.5,0.3
Kulaklık,NL,DE,Hava,1,0.21,5319.18,0.22
Kulaklık,NL,DE,Demir,0,0.06,330.7,0.27
Kamera,DE,TR,Hava,1,0.75,3518.61,0.46
Kamera,NL,TR,Demir,0,0.92,2637.11,0.49
Telefon,NL,DE,Demir,0,0.42,1944.76,0.37
Şarj Cihazı,NL,DE,Deniz,0,0.12,5269.93,0.27
Elektronik,NL,DE,Kara,0,0.44,1952.13,0.34
Elektronik-Bileşen,NL,DE,Deniz,1,0.22,4820.96,0.35
Elektronik-Aksesuar,NL,DE,Demir,0,0.17,9189.86,0.27
Şarj Cihazı,TR,DE,Hava,0,0.14,1893.32,0.25
Kulaklık,NL,TR,Kara,1,0.27,1285.42,0.41
Kablo,TR,NL,Deniz,0,0.08,1255.19,0.31
Kulaklık,DE,NL,Kara,0,0.14,1404.37,0.37
Kamera,DE,NL,Kara,0,1.0,4643.61,0.5
Elektronik-Aksesuar,TR,NL,Kara,1,0.23,747.53,0.38
Elektronik,NL,DE,Hava,0,0.44,2309.59,0.24
Kablo,TR,NL,Deniz,0,0.13,925.79,0.26
Bilgisayar,DE,TR,Hava,1,2.24,932.43,0.38
Şarj Cihazı,TR,NL,Kara,1,0.16,2342.7,0.33
Elektronik-Aksesuar,NL,DE,Kara,0,0.08,2125.82,0.37
Bilgisayar,TR,DE,Hava,0,2.08,1074.2,0.35
Kablo,NL,TR,Demir,1,0.02,468.28,0.24
Tablet,TR,NL,Hava,1,0.7,559.84,0.35
Kulaklık,TR,DE,Kara,0,0.31,15890.22,0.4
Elektronik-Bileşen,TR,DE,Demir,1,0.19,1824.07,0.33
Kamera,DE,TR,Demir,0,0.78,841.39,0.46
Elektronik-Aksesuar,TR,NL,Deniz,0,0.19,2067.19,0.33
Bilgisayar,TR,DE,Hava,0,2.05,173.06,0.35
Kulaklık,DE,NL,Kara,1,0.29,769.81,0.37
Kulaklık,NL,TR,Demir,0,0.16,7414.87,0.36
Kamera,DE,NL,Hava,0,0.64,8300.73,0.35
Şarj Cihazı,DE,TR,Kara,1,0.07,1229.23,0.38
Kulaklık,DE,NL,Deniz,1,0.11,1792.75,0.32
Elektronik-Bileşen,NL,DE,Demir,0,0.0,1722.81,0.3
Kablo,NL,DE,Kara,0,0.01,7171.61,0.3
Bilgisayar,DE,TR,Kara,1,2.09,1333.49,0.53
Kablo,DE,NL,Hava,0,0.05,1425.76,0.15
Kablo,TR,NL,Hava,0,-0.0,1394.01,0.16
Tablet,NL,TR,Deniz,0,0.55,3977.4,0.43
Elektronik-Bileşen,TR,NL,Deniz,0,0.22,1084.11,0.36
Şarj Cihazı,TR,NL,Kara,1,0.14,2313.06,0.33
Telefon,NL,DE,Kara,1,0.28,6024.89,0.42
Telefon,TR,DE,Deniz,1,0.28,4457.66,0.4
Elektronik,NL,TR,Deniz,0,0.45,1769.85,0.38
Elektronik-Bileşen,TR,DE,Demir,0,-0.03,1459.33,0.33
Kablo,TR,DE,Hava,0,-0.05,11301.86,0.23
Bilgisayar,DE,NL,Deniz,0,2.03,6610.51,0.42
Kulaklık,DE,NL,Kara,0,0.13,1474.18,0.37
Bilgisayar,TR,DE,Kara,0,2.07,991.57,0.55
Elektronik,DE,NL,Kara,0,0.46,2769.22,0.34
Elektronik,DE,NL,Hava,0,0.32,2797.95,0.24
Kulaklık,TR,NL,Hava,0,0.21,1190.94,0.28
Kablo,DE,TR,Demir,1,0.03,3474.81,0.26
Elektronik-Bileşen,TR,NL,Hava,1,0.11,1878.73,0.26
Kablo,NL,TR,Demir,0,0.12,12320.58,0.24
Bilgisayar,TR,DE,Deniz,1,1.77,1403.49,0.45
Elektronik-Bileşen,NL,DE,Demir,1,0.25,6754.12,0.3
Elektronik,DE,TR,Deniz,0,0.36,4948.79,0.4
Elektronik,NL,DE,Kara,1,0.43,628.95,0.34
Elektronik-Aksesuar,NL,DE,Demir,1,0.2,4191.83,0.32
Kablo,TR,NL,Demir,1,-0.02,2888.4,0.26
Kamera,DE,TR,Hava,1,0.68,5437.88,0.46
Elektronik,DE,NL,Deniz,0,0.48,802.56,0.29
Kablo,NL,DE,Kara,1,0.03,1421.1,0.35
Bilgisayar,DE,TR,Deniz,0,1.92,7931.33,0.53
Tablet,NL,DE,Deniz,0,0.7,808.1,0.44
Kulaklık,DE,TR,Hava,0,0.12,591.21,0.33
Şarj Cihazı,TR,NL,Hava,0,0.12,741.91,0.23
Bilgisayar,NL,DE,Deniz,1,1.8,2727.95,0.42
Tablet,DE,TR,Demir,0,0.5,2941.27,0.4
Telefon,TR,DE,Hava,0,0.27,11023.83,0.3
Elektronik,NL,TR,Demir,0,0.49,1261.33,0.28
Kamera,TR,NL,Demir,0,0.91,1551.73,0.41
Şarj Cihazı,DE,TR,Deniz,1,-0.01,1057.4,0.33
Tablet,TR,NL,Deniz,0,0.48,8348.17,0.45
Kamera,TR,DE,Demir,0,0.86,25477.76,0.43
Şarj Cihazı,TR,DE,Deniz,0,0.07,1863.56,0.35
Elektronik,NL,TR,Demir,0,0.59,352.41,0.28
Elektronik,DE,TR,Hava,1,0.57,2714.07,0.3
Elektronik-Aksesuar,TR,DE,Deniz,0,0.26,3181.83,0.35
Bilgisayar,TR,NL,Hava,0,2.19,111.99,0.33
Kablo,TR,DE,Deniz,1,-0.0,1228.18,0.28
Kulaklık,NL,TR,Deniz,0,0.2,2032.24,0.36
Telefon,DE,NL,Demir,1,0.14,886.5,0.37
Tablet,TR,DE,Kara,1,0.55,700.55,0.47
Telefon,TR,DE,Kara,1,0.29,2268.22,0.45
Elektronik-Bileşen,TR,NL,Hava,0,-0.0,1650.03,0.31
Kamera,TR,NL,Hava,0,0.8,4074.09,0.41
Kulaklık,TR,DE,Hava,0,0.26,2949.43,0.25
Elektronik-Bileşen,NL,DE,Hava,0,-0.04,2505.06,0.25
Elektronik,DE,TR,Deniz,1,0.72,199.86,0.35
Elektronik,TR,DE,Kara,0,0.47,429.11,0.37
Kamera,NL,DE,Hava,0,0.73,1848.5,0.35
Telefon,TR,NL,Demir,0,0.11,21210.72,0.33
Kamera,TR,DE,Deniz,1,0.62,11454.2,0.48
Kablo,TR,NL,Deniz,0,0.24,4004.07,0.26
Bilgisayar,DE,NL,Deniz,1,2.02,911.42,0.47
Şarj Cihazı,TR,DE,Deniz,0,-0.09,5557.48,0.3
Şarj Cihazı,TR,NL,Hava,0,0.19,1280.62,0.18
Kulaklık,NL,TR,Kara,1,0.18,6188.77,0.46
Elektronik,TR,DE,Hava,0,0.54,1931.41,0.22
Kulaklık,DE,TR,Hava,0,0.35,3028.57,0.28
Elektronik,TR,NL,Kara,0,0.57,2552.79,0.35
Telefon,DE,NL,Kara,1,0.22,1355.0,0.42
Kablo,DE,TR,Deniz,0,0.02,407.32,0.31
Elektronik,NL,TR,Hava,0,0.33,2707.34,0.28
Elektronik,DE,TR,Deniz,0,0.57,5943.17,0.4
Telefon,NL,DE,Kara,0,0.22,3784.37,0.42
Kamera,TR,NL,Hava,0,0.88,1069.47,0.36
Elektronik-Bileşen,DE,TR,Deniz,0,0.19,421.84,0.46
Telefon,NL,DE,Hava,1,0.26,356.41,0.27
Kamera,TR,DE,Demir,0,0.95,2265.69,0.43
Kablo,DE,TR,Demir,0,0.06,1845.42,0.26
Elektronik-Aksesuar,TR,NL,Hava,0,0.2,818.86,0.23
Kamera,DE,TR,Demir,1,0.79,660.94,0.51
Telefon,NL,DE,Kara,1,0.19,1610.53,0.47
Telefon,DE,TR,Deniz,1,0.19,764.17,0.43
Kablo,TR,NL,Hava,0,0.02,2572.65,0.21
Elektronik-Bileşen,DE,NL,Demir,0,0.15,682.41,0.35
Elektronik-Aksesuar,DE,TR,Kara,0,0.17,665.47,0.43
Kablo,TR,DE,Hava,0,0.03,6574.8,0.18
Elektronik-Bileşen,DE,NL,Hava,1,0.06,2074.69,0.25
Kablo,DE,NL,Kara,0,0.08,2197.98,0.3
Elektronik,NL,DE,Hava,0,0.39,2583.14,0.19
Telefon,DE,NL,Hava,1,0.4,1852.15,0.32
Kablo,TR,DE,Demir,0,0.08,5758.87,0.23
Elektronik,TR,NL,Deniz,0,0.36,421.86,0.3
Kamera,NL,DE,Demir,0,0.74,1665.48,0.45
Elektronik-Bileşen,DE,NL,Hava,0,0.24,3259.7,0.3
Elektronik-Bileşen,NL,TR,Demir,1,0.18,2799.2,0.34
Telefon,TR,NL,Kara,1,0.1,1763.0,0.48
Telefon,NL,TR,Deniz,0,0.25,1208.04,0.41
Kulaklık,NL,DE,Hava,0,0.32,560.57,0.22
Kulaklık,NL,TR,Demir,1,0.24,2678.11,0.31
Kulaklık,TR,NL,Hava,0,0.27,3738.64,0.23
Tablet,NL,DE,Deniz,0,0.68,1651.93,0.39
Elektronik-Bileşen,DE,NL,Deniz,1,0.08,1106.77,0.4
Bilgisayar,DE,NL,Hava,0,2.07,3075.48,0.32
Elektronik-Bileşen,NL,DE,Deniz,0,0.03,2481.83,0.4
Şarj Cihazı,NL,DE,Deniz,0,0.18,1704.49,0.27
Elektronik-Bileşen,DE,NL,Demir,0,0.12,1905.94,0.3
Kablo,TR,NL,Kara,1,0.05,528.04,0.36
Elektronik-Aksesuar,NL,TR,Hava,0,0.14,6128.36,0.26
Elektronik-Aksesuar,DE,TR,Deniz,1,0.09,3994.19,0.43
Kulaklık,NL,TR,Hava,0,0.22,7656.31,0.26
Tablet,DE,NL,Demir,0,0.72,2914.47,0.34
Bilgisayar,TR,DE,Kara,0,1.81,1937.31,0.5
Tablet,DE,NL,Deniz,0,0.72,3983.7,0.39
Kulaklık,NL,DE,Demir,1,0.12,244.27,0.32
Kablo,DE,TR,Hava,1,0.03,5468.18,0.21
Kulaklık,TR,DE,Demir,1,0.19,2069.7,0.3
Elektronik-Aksesuar,DE,TR,Deniz,0,0.05,1984.0,0.38
Elektronik-Aksesuar,DE,TR,Hava,1,0.09,2686.86,0.28
Kulaklık,TR,DE,Deniz,1,0.15,3186.53,0.35
Bilgisayar,DE,TR,Demir,1,1.94,1551.79,0.43
Tablet,DE,NL,Deniz,0,0.49,194.64,0.39
Bilgisayar,TR,DE,Deniz,0,1.92,839.99,0.45
Telefon,NL,DE,Demir,0,0.19,3889.62,0.32
Kablo,DE,NL,Demir,0,-0.03,12728.08,0.2
Kablo,NL,DE,Demir,0,0.17,5751.85,0.25
Bilgisayar,NL,TR,Kara,1,1.93,9523.06,0.56
Elektronik-Aksesuar,DE,TR,Demir,1,0.09,1567.18,0.33
Tablet,DE,TR,Hava,1,0.62,1921.57,0.4
Tablet,DE,NL,Hava,0,0.43,1116.54,0.34
Kablo,TR,NL,Hava,0,0.05,1024.53,0.16
Elektronik-Aksesuar,NL,TR,Hava,1,0.08,3149.49,0.26
Telefon,TR,DE,Kara,0,0.18,1118.7,0.45
Kablo,TR,NL,Kara,0,0.01,1995.04,0.31
Tablet,TR,DE,Deniz,0,0.65,452.14,0.42
Tablet,DE,TR,Kara,0,0.48,1404.14,0.5
Kulaklık,NL,TR,Kara,0,0.2,1167.13,0.41
Elektronik-Bileşen,TR,NL,Demir,1,0.17,973.85,0.31
Elektronik-Aksesuar,DE,NL,Hava,0,0.11,1229.26,0.27
Elektronik,NL,DE,Kara,0,0.49,1746.18,0.34
Kulaklık,DE,TR,Demir,0,0.15,11151.56,0.33
Tablet,NL,TR,Demir,1,0.59,685.75,0.38
Elektronik,TR,DE,Kara,0,0.52,636.8,0.37
Elektronik,DE,TR,Demir,0,0.47,1461.74,0.3
Tablet,TR,NL,Deniz,0,0.73,5247.33,0.4
Kablo,NL,TR,Hava,0,-0.11,1578.6,0.19
Bilgisayar,TR,DE,Deniz,0,2.1,530.36,0.45
Şarj Cihazı,DE,TR,Demir,0,0.12,1210.34,0.28
Telefon,DE,NL,Deniz,0,0.3,1111.79,0.37
Tablet,DE,TR,Demir,0,0.47,748.34,0.4
Tablet,DE,NL,Deniz,1,0.62,3438.01,0.39
Bilgisayar,DE,NL,Kara,0,1.96,61044.43,0.47
Kulaklık,NL,TR,Hava,0,0.17,1370.36,0.26
Kulaklık,NL,DE,Demir,0,0.04,1525.86,0.27
Bilgisayar,TR,NL,Demir,0,2.16,285.31,0.43
Elektronik-Aksesuar,NL,TR,Hava,0,0.17,1672.87,0.26
Telefon,DE,NL,Kara,0,0.27,1026.03,0.42
Elektronik-Bileşen,NL,DE,Deniz,0,0.11,4690.87,0.35
Elektronik,DE,NL,Demir,0,0.39,6173.34,0.29
Elektronik-Aksesuar,NL,DE,Hava,1,0.23,1493.66,0.22
Telefon,TR,NL,Kara,1,0.38,339.51,0.48
Şarj Cihazı,DE,TR,Kara,0,0.05,772.11,0.38
Kablo,DE,NL,Demir,0,0.2,7673.87,0.2
Telefon,TR,DE,Hava,1,0.17,1465.79,0.3
Bilgisayar,DE,NL,Deniz,0,2.0,855.12,0.42
Bilgisayar,DE,TR,Demir,0,1.95,2759.44,0.43
Telefon,TR,DE,Kara,1,0.27,2760.7,0.45
Kulaklık,TR,NL,Demir,1,0.16,5397.59,0.28
Kablo,DE,NL,Demir,0,0.1,752.08,0.25
Elektronik-Bileşen,DE,TR,Kara,0,0.08,4764.95,0.46
Elektronik-Aksesuar,NL,TR,Hava,0,0.17,986.0,0.26
Tablet,DE,TR,Kara,1,0.65,438.27,0.5
Elektronik-Aksesuar,TR,NL,Kara,1,0.07,634.02,0.38
Kamera,NL,DE,Deniz,0,0.91,1062.44,0.5
Bilgisayar,DE,TR,Hava,0,2.2,3992.32,0.43
Elektronik-Aksesuar,TR,DE,Kara,0,0.35,225.85,0.4
Tablet,NL,DE,Kara,0,0.59,913.2,0.44
Tablet,TR,NL,Hava,0,0.5,8744.33,0.3
Elektronik,TR,NL,Kara,0,0.72,833.21,0.4
Kulaklık,DE,NL,Hava,0,0.05,3429.4,0.27
Elektronik-Bileşen,TR,DE,Hava,0,0.02,2561.4,0.28
Telefon,NL,TR,Demir,1,0.31,4771.71,0.36
Kulaklık,TR,DE,Hava,0,0.07,719.21,0.25
Elektronik,DE,NL,Kara,1,0.7,1178.35,0.34
Tablet,TR,NL,Kara,1,0.61,1491.26,0.45
Elektronik-Aksesuar,NL,DE,Deniz,0,0.11,2173.85,0.32
Elektronik-Bileşen,TR,DE,Hava,0,-0.09,802.69,0.33
Telefon,DE,TR,Hava,1,0.3,1323.84,0.38
Elektronik-Aksesuar,TR,NL,Deniz,1,0.12,3993.44,0.33
Elektronik-Bileşen,TR,NL,Demir,0,0.28,813.05,0.31
Elektronik,TR,DE,Deniz,0,0.5,3752.11,0.32
Şarj Cihazı,NL,TR,Demir,1,0.01,511.7,0.31
Elektronik-Bileşen,DE,TR,Deniz,0,0.16,2252.41,0.41
Bilgisayar,NL,TR,Deniz,0,1.68,2983.25,0.46
Elektronik-Bileşen,NL,TR,Hava,1,0.2,1392.18,0.29
Elektronik-Aksesuar,NL,DE,Deniz,0,-0.03,2718.4,0.32
Elektronik-Bileşen,TR,NL,Kara,0,0.2,4725.41,0.41
Tablet,TR,DE,Deniz,0,0.68,8187.1,0.42
Elektronik-Bileşen,NL,TR,Hava,0,-0.02,14676.31,0.29
Telefon,DE,TR,Deniz,1,0.39,1812.24,0.43
Elektronik-Bileşen,TR,NL,Kara,0,-0.02,2178.94,0.41
Kablo,TR,NL,Deniz,0,-0.03,1286.42,0.26
Elektronik-Aksesuar,DE,NL,Demir,0,0.29,710.72,0.27
Telefon,NL,TR,Demir,0,0.27,265.11,0.41
Elektronik-Bileşen,DE,TR,Demir,0,0.31,1311.39,0.41
Elektronik-Bileşen,NL,TR,Demir,0,0.27,4331.21,0.34
Tablet,NL,DE,Deniz,0,0.61,10707.47,0.39
Elektronik-Bileşen,DE,NL,Deniz,1,0.09,8465.01,0.35
Kamera,DE,NL,Kara,0,0.97,2187.37,0.55
Kulaklık,TR,NL,Kara,0,0.14,3460.1,0.38
Kamera,TR,DE,Demir,1,0.79,1909.07,0.43
Tablet,TR,DE,Demir,1,0.63,425.61,0.42
Elektronik-Bileşen,DE,NL,Deniz,0,0.14,1789.62,0.35
Elektronik-Bileşen,TR,NL,Demir,0,0.01,741.18,0.36
Kablo,TR,DE,Deniz,0,0.11,7497.07,0.28
Tablet,TR,NL,Hava,1,0.63,7964.72,0.3
Kablo,DE,TR,Hava,0,0.08,961.16,0.21
Kamera,NL,DE,Kara,1,0.73,702.03,0.5
Kablo,NL,DE,Demir,0,0.09,3000.03,0.2
Tablet,DE,NL,Demir,0,0.6,599.78,0.39
Şarj Cihazı,DE,TR,Demir,0,0.04,23331.04,0.33
Elektronik-Bileşen,TR,NL,Demir,0,0.14,2466.95,0.31
Kulaklık,TR,DE,Deniz,0,0.17,1879.21,0.35
Elektronik-Bileşen,NL,TR,Deniz,0,0.12,872.1,0.39
Kulaklık,NL,TR,Hava,0,0.21,94.94,0.26
Kamera,NL,DE,Hava,0,0.78,11151.77,0.4
Bilgisayar,NL,TR,Deniz,0,2.04,708.65,0.46
Şarj Cihazı,DE,NL,Hava,1,-0.01,2096.08,0.22
Bilgisayar,NL,DE,Demir,0,2.03,358.19,0.37
Şarj Cihazı,DE,NL,Deniz,1,0.02,696.71,0.32
Elektronik,DE,TR,Demir,0,0.58,952.32,0.3
Kulaklık,DE,NL,Demir,0,0.09,759.66,0.32
Kulaklık,TR,DE,Hava,1,0.41,2654.69,0.3
Şarj Cihazı,NL,DE,Hava,1,0.1,2268.62,0.17
Kulaklık,DE,TR,Kara,1,0.26,1785.59,0.43
Kamera,DE,TR,Demir,0,0.92,10014.05,0.46
Şarj Cihazı,NL,DE,Demir,0,0.39,4145.01,0.22
Şarj Cihazı,TR,DE,Demir,0,0.21,8683.53,0.25
Bilgisayar,DE,NL,Kara,0,1.97,1262.97,0.47
Bilgisayar,DE,TR,Deniz,0,1.94,3032.44,0.48
Kablo,TR,DE,Kara,0,-0.1,1027.79,0.38
Tablet,NL,TR,Kara,1,0.69,255.23,0.48
Kamera,TR,NL,Kara,1,0.78,3220.39,0.51
Tablet,DE,NL,Deniz,1,0.48,14026.44,0.39
Telefon,TR,DE,Kara,1,0.27,2874.97,0.5
Kablo,TR,DE,Kara,0,0.02,9208.49,0.33
Elektronik-Bileşen,DE,TR,Deniz,1,0.13,601.5,0.41
Şarj Cihazı,DE,TR,Demir,0,0.22,2323.48,0.28
Kamera,NL,DE,Kara,1,0.89,2600.86,0.5
Elektronik,NL,DE,Deniz,0,0.47,906.13,0.29
Tablet,DE,NL,Kara,1,0.65,3170.9,0.44
Kablo,TR,NL,Deniz,1,0.04,1803.93,0.31
Telefon,DE,NL,Kara,1,0.3,320.35,0.42
Elektronik-Aksesuar,NL,DE,Kara,0,0.34,3019.9,0.37
Kamera,TR,NL,Deniz,0,0.8,9289.62,0.46
Şarj Cihazı,TR,NL,Kara,0,0.06,4042.56,0.38
Elektronik,DE,NL,Hava,1,0.58,8966.82,0.19
Kablo,NL,TR,Deniz,0,0.02,364.9,0.29
Kablo,DE,NL,Deniz,1,0.0,2630.74,0.25
Kablo,NL,DE,Demir,0,0.05,1567.58,0.2
Telefon,DE,TR,Kara,0,0.34,1411.44,0.48
Şarj Cihazı,DE,NL,Kara,1,0.07,1139.0,0.32
Telefon,DE,NL,Kara,1,0.35,796.97,0.42
Kablo,NL,DE,Hava,1,0.08,4386.43,0.15
Elektronik,NL,TR,Demir,1,0.58,2076.39,0.28
Telefon,NL,DE,Kara,0,0.23,2199.32,0.42
Şarj Cihazı,NL,DE,Deniz,0,-0.01,5579.17,0.27
Şarj Cihazı,TR,NL,Demir,0,0.01,3335.85,0.23
Elektronik-Aksesuar,TR,DE,Kara,0,0.17,1373.86,0.4
Kamera,DE,NL,Deniz,0,0.93,15409.14,0.45
Telefon,DE,NL,Kara,1,0.51,849.46,0.42
Elektronik-Aksesuar,DE,TR,Demir,0,0.22,1186.11,0.33
Telefon,TR,DE,Hava,1,0.32,1123.69,0.3
Elektronik,TR,NL,Demir,0,0.28,2442.0,0.25
Kulaklık,NL,DE,Demir,0,0.15,800.6,0.27
Elektronik,TR,DE,Kara,0,0.46,3743.22,0.42
Elektronik-Aksesuar,TR,NL,Kara,1,0.32,3185.13,0.43
Şarj Cihazı,TR,DE,Demir,1,0.33,2119.64,0.25
Elektronik,TR,DE,Kara,1,0.55,686.85,0.37
Kablo,DE,TR,Demir,0,0.04,911.78,0.26
Tablet,NL,TR,Demir,0,0.68,2219.41,0.38
Elektronik-Aksesuar,TR,DE,Deniz,0,0.13,2289.81,0.35
Şarj Cihazı,NL,DE,Demir,0,0.19,8819.3,0.27
Elektronik-Bileşen,TR,DE,Kara,1,0.01,987.1,0.48
Tablet,NL,DE,Hava,0,0.62,3153.9,0.29
Kamera,TR,DE,Deniz,1,0.93,877.41,0.48
Elektronik-Aksesuar,TR,NL,Demir,0,0.17,6296.15,0.33
Kamera,DE,TR,Demir,0,0.73,2369.34,0.46
Şarj Cihazı,DE,TR,Kara,1,0.05,3115.76,0.38
Şarj Cihazı,DE,NL,Hava,1,0.1,1197.28,0.22
Bilgisayar,TR,NL,Demir,1,1.87,681.21,0.38
Tablet,DE,TR,Deniz,1,0.61,336.57,0.45
Elektronik,NL,TR,Kara,0,0.52,1258.64,0.38
Şarj Cihazı,DE,NL,Kara,0,0.1,1588.73,0.32
Elektronik-Bileşen,NL,TR,Demir,0,0.01,1622.26,0.34
Kamera,TR,NL,Kara,1,0.93,797.8,0.51
Bilgisayar,TR,DE,Kara,1,1.99,3464.81,0.5
Telefon,TR,NL,Kara,1,0.26,590.03,0.43
Kamera,TR,NL,Deniz,0,0.65,1498.68,0.46
Kulaklık,DE,NL,Kara,0,0.2,190.09,0.37
Kamera,TR,DE,Kara,1,0.92,3914.39,0.58
Şarj Cihazı,TR,NL,Demir,1,0.1,1943.68,0.23
Kablo,NL,DE,Demir,0,-0.05,5583.7,0.2
Elektronik,TR,DE,Demir,0,0.42,1813.81,0.32
Elektronik-Aksesuar,TR,NL,Hava,0,0.3,369.32,0.23
Bilgisayar,DE,TR,Deniz,1,1.89,5653.22,0.48
Elektronik-Aksesuar,TR,DE,Demir,1,0.22,4251.2,0.3
Tablet,DE,NL,Hava,1,0.4,2032.65,0.29
Bilgisayar,TR,NL,Kara,1,2.12,1489.8,0.53
Telefon,TR,NL,Kara,1,0.36,2039.62,0.43
Elektronik-Aksesuar,DE,NL,Hava,0,0.28,1567.25,0.27
Elektronik,TR,DE,Deniz,0,0.34,2981.34,0.32
Kulaklık,TR,NL,Hava,0,0.36,335.96,0.28
Elektronik,DE,NL,Kara,0,0.41,9410.79,0.34
Elektronik-Aksesuar,TR,NL,Hava,0,0.2,637.18,0.28
Kablo,TR,DE,Demir,0,0.01,2024.14,0.28
Kulaklık,NL,DE,Deniz,0,0.2,3466.92,0.32
Telefon,NL,TR,Hava,1,0.33,937.32,0.31
Bilgisayar,DE,NL,Demir,0,2.01,5134.04,0.37
Elektronik-Aksesuar,DE,TR,Hava,0,0.13,3897.19,0.28
Bilgisayar,NL,TR,Demir,0,2.05,2013.52,0.41
Elektronik-Aksesuar,DE,TR,Deniz,0,0.07,2538.72,0.43
Bilgisayar,DE,TR,Demir,0,1.99,620.87,0.43
Telefon,DE,NL,Deniz,1,0.35,897.53,0.37
Elektronik,DE,TR,Kara,0,0.45,3457.16,0.45
Kamera,NL,TR,Demir,1,0.87,1230.41,0.44
Kamera,NL,DE,Deniz,0,0.9,490.91,0.45
Elektronik-Bileşen,NL,TR,Deniz,0,0.23,2149.92,0.39
Tablet,TR,NL,Kara,1,0.66,2441.2,0.5
Kablo,NL,TR,Deniz,0,0.21,1914.8,0.34
Bilgisayar,NL,DE,Kara,0,2.05,2387.94,0.47
Kamera,NL,DE,Hava,1,0.86,587.66,0.4
Şarj Cihazı,TR,DE,Kara,0,0.23,1827.42,0.35
Elektronik-Aksesuar,NL,DE,Kara,1,0.18,8461.99,0.37
Kulaklık,TR,DE,Kara,1,0.11,1634.82,0.4
Şarj Cihazı,DE,TR,Kara,1,0.11,4094.34,0.38
Elektronik-Bileşen,DE,TR,Hava,0,0.11,1744.15,0.31
Kulaklık,DE,NL,Demir,1,0.27,2996.93,0.27
Bilgisayar,DE,NL,Kara,0,1.97,1515.53,0.52
Kamera,TR,NL,Demir,0,0.87,8079.55,0.41
Elektronik-Aksesuar,NL,DE,Deniz,1,0.18,2144.46,0.32
Telefon,TR,DE,Hava,1,0.12,2036.0,0.35
Elektronik-Aksesuar,TR,NL,Kara,0,0.22,5358.07,0.43
Elektronik-Aksesuar,NL,DE,Demir,0,0.29,1637.32,0.27
Elektronik-Bileşen,DE,TR,Demir,0,0.04,6614.13,0.36
Tablet,NL,DE,Demir,0,0.65,5227.71,0.34
Kulaklık,TR,DE,Deniz,1,0.32,347.17,0.4
Tablet,TR,DE,Kara,1,0.77,2453.9,0.47
Elektronik-Aksesuar,TR,NL,Hava,0,0.11,1288.4,0.23
Kablo,TR,DE,Demir,0,-0.08,1458.76,0.23
Elektronik-Bileşen,TR,NL,Deniz,0,0.16,10616.46,0.36
Tablet,TR,NL,Deniz,0,0.58,1152.73,0.4
Kamera,DE,TR,Kara,0,0.82,7175.75,0.56
Elektronik-Aksesuar,TR,DE,Demir,0,0.27,2764.8,0.3
Kulaklık,DE,NL,Deniz,1,0.14,1100.89,0.32
Tablet,TR,NL,Kara,0,0.55,2667.81,0.45
Kablo,TR,DE,Deniz,0,0.09,3714.29,0.33
Bilgisayar,DE,TR,Deniz,1,2.08,2252.4,0.48
Şarj Cihazı,NL,DE,Deniz,0,0.21,12860.32,0.27
Kamera,DE,TR,Hava,1,0.78,10221.46,0.41
Kamera,TR,DE,Hava,0,0.63,1218.44,0.43
Elektronik-Aksesuar,DE,NL,Kara,1,0.07,3875.32,0.37
Elektronik-Aksesuar,TR,NL,Demir,0,0.13,5720.98,0.33
Kamera,NL,DE,Hava,1,0.79,751.96,0.35
Tablet,NL,TR,Kara,0,0.58,858.68,0.48
Şarj Cihazı,TR,NL,Demir,0,0.16,117.49,0.23
Kamera,DE,NL,Demir,0,0.77,8078.62,0.45
Elektronik-Bileşen,DE,NL,Hava,0,-0.02,4147.46,0.3
Kamera,NL,DE,Deniz,0,0.75,39795.12,0.45
Elektronik,NL,DE,Demir,0,0.44,811.89,0.29
Telefon,NL,TR,Demir,1,0.17,1581.96,0.36
Şarj Cihazı,NL,TR,Kara,0,0.01,2682.04,0.36
Kulaklık,DE,TR,Demir,0,0.01,3769.92,0.33
Bilgisayar,TR,DE,Kara,1,2.13,1780.38,0.5
Telefon,NL,DE,Kara,0,0.25,11452.18,0.47
Kablo,TR,DE,Deniz,0,0.09,1693.05,0.28
Şarj Cihazı,TR,NL,Demir,0,0.13,3533.2,0.23
Elektronik-Bileşen,DE,NL,Kara,0,-0.02,12474.37,0.4
Bilgisayar,NL,TR,Deniz,1,1.93,1151.79,0.46
Elektronik-Bileşen,NL,DE,Hava,0,-0.01,5281.63,0.25
Elektronik-Aksesuar,DE,TR,Deniz,0,0.07,7290.83,0.43
Kamera,NL,DE,Kara,1,0.81,6090.79,0.55
Kablo,NL,DE,Demir,1,0.2,2813.71,0.2
Kablo,DE,NL,Hava,1,0.06,1676.11,0.2
Telefon,TR,DE,Kara,0,0.28,4697.35,0.45
Elektronik-Bileşen,DE,TR,Deniz,1,0.15,1265.3,0.41
Kamera,TR,DE,Hava,1,0.81,1227.64,0.38
Kulaklık,DE,NL,Demir,0,0.25,1430.04,0.27
Bilgisayar,NL,DE,Demir,0,1.86,5340.33,0.37
Bilgisayar,TR,DE,Hava,1,2.11,13014.91,0.35
Elektronik,TR,DE,Deniz,0,0.63,813.05,0.32
Telefon,TR,DE,Demir,0,0.45,1239.53,0.35
Elektronik-Aksesuar,NL,TR,Demir,0,0.18,229.11,0.31
Şarj Cihazı,TR,DE,Kara,0,0.26,3827.09,0.4
Kulaklık,TR,NL,Demir,1,0.17,23661.78,0.28
Elektronik,TR,DE,Hava,0,0.43,861.49,0.22
Kulaklık,DE,NL,Deniz,0,0.44,416.06,0.32
Kulaklık,NL,TR,Hava,1,0.28,615.97,0.26
Bilgisayar,NL,DE,Deniz,0,2.11,7958.51,0.42
Tablet,TR,DE,Demir,1,0.72,1960.36,0.42
Kamera,DE,NL,Deniz,0,0.78,1748.51,0.45
Kulaklık,DE,NL,Demir,0,0.29,13807.72,0.27
Telefon,NL,TR,Deniz,1,0.24,1657.79,0.41
Kamera,NL,DE,Deniz,0,0.79,6757.51,0.5
Bilgisayar,NL,DE,Demir,1,1.86,1291.83,0.37
Elektronik-Bileşen,DE,NL,Demir,0,0.31,5340.2,0.3
Kamera,TR,DE,Kara,1,0.8,1778.93,0.58
Telefon,DE,NL,Demir,0,0.26,1945.61,0.32
Telefon,NL,TR,Kara,0,0.26,9019.31,0.46
Kablo,NL,DE,Hava,0,0.15,191.63,0.15
Bilgisayar,NL,DE,Demir,1,2.12,1972.99,0.37
Tablet,DE,TR,Hava,1,0.8,2509.89,0.35
Bilgisayar,NL,TR,Demir,1,2.1,4421.55,0.41
Elektronik-Aksesuar,TR,DE,Hava,1,0.07,3160.5,0.25
Kablo,DE,TR,Demir,0,0.11,1073.18,0.26
Kulaklık,DE,TR,Hava,0,0.32,2044.39,0.28
Şarj Cihazı,TR,DE,Kara,0,-0.03,2026.25,0.35
Bilgisayar,DE,TR,Hava,1,2.05,1427.47,0.38
Şarj Cihazı,TR,DE,Kara,1,0.19,3943.66,0.35
Kamera,TR,DE,Deniz,1,0.89,1338.94,0.48
Şarj Cihazı,TR,NL,Kara,0,0.08,1047.69,0.38
Tablet,DE,TR,Kara,0,0.45,2540.98,0.5
Elektronik-Aksesuar,NL,TR,Deniz,1,0.09,2068.45,0.41
Kulaklık,DE,TR,Deniz,0,0.27,1733.35,0.43
Kablo,NL,TR,Deniz,1,-0.0,1113.88,0.29
Şarj Cihazı,TR,DE,Deniz,0,0.14,2372.4,0.3
Telefon,DE,TR,Kara,1,0.41,1217.77,0.48
Kulaklık,NL,DE,Deniz,0,0.43,1385.91,0.37
Elektronik-Aksesuar,NL,DE,Kara,0,0.36,1505.15,0.42
Elektronik-Aksesuar,TR,DE,Demir,1,0.11,1712.01,0.3
Kamera,TR,DE,Demir,1,0.82,5316.34,0.43
Tablet,DE,TR,Deniz,0,0.57,4867.94,0.45
Bilgisayar,DE,NL,Kara,1,1.94,4748.81,0.47
Telefon,TR,NL,Hava,1,0.13,1010.26,0.28
Elektronik-Aksesuar,DE,NL,Demir,0,0.23,12553.21,0.27
Kulaklık,NL,DE,Deniz,0,0.16,7984.73,0.32
Kulaklık,TR,DE,Deniz,1,0.15,456.31,0.35
Elektronik-Bileşen,DE,NL,Demir,0,0.16,10612.76,0.3
Elektronik-Aksesuar,DE,TR,Demir,0,0.13,412.59,0.33
Elektronik,NL,TR,Deniz,0,0.56,2659.27,0.38
Şarj Cihazı,DE,NL,Demir,0,0.1,1558.86,0.22
Şarj Cihazı,DE,NL,Kara,1,0.08,9704.92,0.32
Elektronik,DE,TR,Demir,1,0.42,1566.07,0.3
Kulaklık,NL,TR,Demir,0,0.04,689.76,0.31
Tablet,NL,DE,Hava,0,0.76,9260.39,0.34
Bilgisayar,TR,DE,Kara,0,1.97,1616.9,0.55
Kamera,NL,TR,Kara,1,0.94,2125.67,0.59
Telefon,TR,NL,Kara,1,0.22,13598.64,0.48
Elektronik-Aksesuar,TR,DE,Kara,0,0.21,5450.09,0.45
Telefon,DE,NL,Deniz,0,0.26,5036.0,0.37
